complexity,mode,scene,seed,technique,window,runsValid,runsDiscarded,runsWarmup,discardReasons,meanIntervalMs_mean,medianIntervalMs_mean,p95IntervalMs_mean,p99IntervalMs_mean,maxIntervalMs_max,meanFps_mean,p5Fps_mean,p1Fps_mean,framesOverBudget_mean,framesOverBudgetRatio_mean,refreshRatio_mean,budgetMs_median,refreshRateHz_median,frameCount_mean,recordedFrameCount_mean,trimmedRatio_mean,meanIntervalMs_stdDev,meanFps_min,meanFps_max
100,bench,grid,42,raf,10000,10,0,1,,16.6663,16.7,17.644,17.9302,19.5,60.0014,56.7163,55.8048,0,0,1,16.6667,60,599.9,647.9,0.0741,0.0008,59.999,60.0086
500,bench,grid,42,raf,10000,10,0,1,,16.6662,16.7,17.484,17.8706,18.7,60.0015,57.2165,55.9905,0,0,1,16.6667,60,600,839.7,0.2855,0.0014,59.996,60.0116
2000,bench,grid,42,raf,10000,10,0,1,,16.7927,16.7,18.9605,19.6327,49.9,59.5711,54.8276,52.9349,3.9,0.0069,0.9929,16.6667,60,595.7,1553.2,0.6165,0.3448,56.2991,60.011
100,bench,grid,42,css-transition,10000,10,0,1,,16.6671,16.7,17.652,17.92,20.2,59.9986,56.6786,55.8345,0,0,1,16.6667,60,600,647.8,0.0738,0.0008,59.9948,60.0032
500,bench,grid,42,css-transition,10000,10,0,1,,16.6666,16.7,17.644,18,18.8,60.0001,56.7121,55.5932,0,0,1,16.6667,60,600,840.1,0.2858,0.0002,59.9984,60.0008
2000,bench,grid,42,css-transition,10000,10,0,1,,28.2341,25.135,40.4025,48.4454,166,37.1314,26.1303,22.0305,199.1,0.5743,0.6189,16.6667,60,370.9,1229.6,0.7011,7.7118,20.8693,42.7428
100,bench,grid,42,css-keyframes,10000,10,0,1,,16.6668,16.7,17.614,17.84,22.4,59.9995,56.7999,56.0822,0,0,1,16.6667,60,600,647.8,0.0738,0.0004,59.9954,60.0008
500,bench,grid,42,css-keyframes,10000,10,0,1,,16.672,16.7,17.783,18.1704,50.5,59.9808,56.2662,55.0686,0.1,0.0002,0.9997,16.6667,60,599.8,839.8,0.2858,0.0178,59.7999,60.0074
2000,bench,grid,42,css-keyframes,10000,10,0,1,,16.6919,16.7,17.473,18.0357,50.2,59.9102,57.2584,55.4935,0.8,0.0013,0.9985,16.6667,60,599.1,1556.8,0.6152,0.0615,59.2996,60.0032
100,bench,grid,42,waapi,10000,10,0,1,,16.6663,16.7,17.472,17.73,18.7,60.0015,57.2503,56.4164,0,0,1,16.6667,60,599.9,648,0.0742,0.0012,59.9966,60.0124
500,bench,grid,42,waapi,10000,10,0,1,,16.6665,16.7,17.571,17.9902,18.8,60.0006,56.9451,55.622,0,0,1,16.6667,60,600,840.4,0.2861,0.0004,59.999,60.0038
2000,bench,grid,42,waapi,10000,10,0,1,,16.7629,16.7,17.465,19.4007,50.2,59.6611,57.2845,53.453,3,0.0051,0.9944,16.6667,60,596.7,1552,0.6155,0.1718,58.1017,60.006
100,bench,grid,42,gsap,10000,10,0,1,,16.6668,16.7,17.552,17.7904,20.5,59.9994,57.0014,56.2351,0,0,1,16.6667,60,599.9,647.8,0.0739,0.001,59.9912,60.0056
500,bench,grid,42,gsap,10000,10,0,1,,16.6664,16.7,17.671,18.1504,18.8,60.0011,56.6151,55.1335,0,0,1,16.6667,60,600.1,840.1,0.2857,0.0006,59.9984,60.006
2000,bench,grid,42,gsap,10000,10,0,1,,16.675,16.7,17.4115,17.8702,34.3,59.9701,57.4681,55.9951,0.3,0.0005,0.9995,16.6667,60,599.8,1561.2,0.6158,0.0188,59.7999,60.0006
100,bench,grid,42,motion,10000,10,0,1,,16.6666,16.7,17.481,17.7304,25.4,60.0001,57.2183,56.4124,0.1,0.0002,1,16.6667,60,600,648,0.0741,0.0005,59.9954,60.0026
500,bench,grid,42,motion,10000,10,0,1,,16.6664,16.7,17.532,17.9702,18.7,60.001,57.0819,55.6904,0,0,1,16.6667,60,600,840.3,0.286,0.0005,60.0002,60.0056
2000,bench,grid,42,motion,10000,10,0,1,,17.6665,16.79,18.9835,22.6976,117.1,57.66,55.0271,51.9555,20.5,0.0524,0.961,16.6667,60,576.7,1524.7,0.6232,3.0146,38.103,60.0002
