scene,complexity,technique,runs,refresh_ratio_median,refresh_ratio_min,refresh_ratio_max,over_budget_ratio_median,over_budget_ratio_min,over_budget_ratio_max,p1_fps_median,p1_fps_min,p1_fps_max,p5_fps_median,p5_fps_min,p5_fps_max,mean_fps_median,mean_fps_min,mean_fps_max,max_interval_ms_median,max_interval_ms_min,max_interval_ms_max,sd_interval_ms_median,sd_interval_ms_min,sd_interval_ms_max,frames_in_window_median,frames_in_window_min,frames_in_window_max
composite,100,css-keyframes,10,0.99917,0.999123,0.999243,0,0,0,56.8182,53.7634,56.8182,57.4713,54.6448,57.8035,59.9502,59.9474,59.9546,17.7,17.7,18.7,0.33542,0.313859,0.823942,598,598,599
composite,100,css-transition,10,0.999175,0.999113,0.999225,0,0,0,56.8182,53.7634,56.8182,57.4713,54.6448,58.4795,59.9505,59.9468,59.9535,17.7,17.7,23.4,0.324285,0.258008,0.787749,598,598,599
composite,100,gsap,10,0.999184,0.999123,0.999313,0,0,0,56.8182,53.7634,57.1429,57.6207,54.9451,58.1395,59.951,59.9474,59.9588,17.7,17.6,18.7,0.31802,0.250985,0.80152,598.5,598,599
composite,100,motion,10,0.999184,0.999163,0.999255,0,0,0,56.8182,53.7634,56.8182,57.8035,54.6448,58.4795,59.951,59.9498,59.9553,17.75,17.7,21.4,0.319272,0.262896,0.80865,598,598,599
composite,100,raf,10,0.999178,0.999074,0.999375,0,0,0,56.4972,53.7634,57.1331,57.1447,54.6448,58.4795,59.9507,59.9445,59.9625,17.7,17.7,18.8,0.374751,0.249162,0.799726,598.5,598,599
composite,100,waapi,10,0.999175,0.998994,0.999353,0,0,0,53.7634,53.7634,56.8182,55.0816,54.6448,57.4713,59.9505,59.9397,59.9612,18.7,17.7,18.7,0.731156,0.334881,0.82969,599,598,599
composite,500,css-keyframes,10,0.999183,0.999113,0.999283,0,0,0,56.8182,54.3478,57.1429,58.9801,57.1429,59.5238,59.951,59.9468,59.957,17.7,17.7,18.7,0.238364,0.195636,0.444116,599,598,599
composite,500,css-transition,10,0.999183,0.999073,0.999203,0,0,0,56.6577,53.7634,57.1429,57.4732,54.9451,58.8235,59.951,59.9444,59.9522,17.75,17.7,18.7,0.325926,0.230847,0.752574,598,598,599
composite,500,gsap,10,0.999179,0.999155,0.999193,0,0,0,56.8182,56.8182,57.4647,58.4795,57.4713,59.5238,59.9507,59.9493,59.9516,17.7,17.6,17.8,0.260288,0.176398,0.316072,599,598,599
composite,500,motion,10,0.999183,0.999173,0.999193,0,0,0,56.8182,53.7634,57.1429,58.4795,55.2486,59.5238,59.951,59.9504,59.9516,17.7,17.6,18.8,0.246128,0.171661,0.623205,599,598,599
composite,500,raf,10,0.999175,0.999093,0.999293,0,0,0,56.8182,53.7577,57.1363,58.4795,55.2486,59.5238,59.9505,59.9456,59.9576,17.7,17.7,18.7,0.253388,0.22139,0.645809,599,598,599
composite,500,waapi,10,0.999173,0.999173,0.999215,0,0,0,56.8182,54.0482,57.1429,58.6515,55.5556,59.4884,59.9504,59.9504,59.9529,17.7,17.7,18.8,0.236961,0.217931,0.602708,599,598,599
composite,2000,css-keyframes,10,0.999033,0.987407,0.999343,0,0,0.0118243,54.2009,30.03,57.1429,56.9072,55.5556,59.1716,59.942,59.2444,59.9606,18.7,17.7,34.2,0.583654,0.232651,1.85311,599,592,599
composite,2000,css-transition,10,0.583144,0.537118,0.600504,0.675729,0.636872,0.773292,19.9718,19.8039,20,29.3255,20,29.6736,34.9886,32.2271,36.0303,50.4,50,84.2,8.7377,7.81092,9.4397,349,322,360
composite,2000,gsap,10,0.999173,0.999033,0.999183,0,0,0,56.8182,54.0482,57.1429,58.1226,55.5556,59.1716,59.9504,59.942,59.951,17.8,17.7,18.7,0.288615,0.210516,0.636636,599,599,599
composite,2000,motion,10,0.999184,0.975829,0.999365,0,0,0.0239316,53.7634,29.9401,56.8182,56.164,55.2486,58.4795,59.951,58.5498,59.9619,18.7,17.8,34.3,0.614357,0.252879,2.5904,599,585,599
composite,2000,raf,10,0.999173,0.998973,0.999183,0,0,0,56.8182,53.7634,57.1429,58.3095,54.9451,59.5238,59.9504,59.9384,59.951,17.7,17.7,18.7,0.259199,0.209401,0.695446,599,598,599
composite,2000,waapi,10,0.999183,0.997505,0.999293,0,0,0.00167224,55.7255,53.7634,57.1429,57.4627,55.8347,58.8235,59.951,59.8503,59.9576,18.65,17.7,32.8,0.557711,0.225571,0.697925,599,598,599
grid,100,css-keyframes,10,1,0.999923,1.00001,0,0,0,56.6577,53.4759,56.8182,57.2907,54.3183,58.1058,60.0002,59.9954,60.0008,17.75,17.7,22.4,0.423143,0.298927,0.864249,599,599,599
grid,100,css-transition,10,0.999988,0.999913,1.00005,0,0,0,56.4972,53.7634,56.8182,57.2906,54.6448,58.1058,59.9993,59.9948,60.0032,17.75,17.6,20.2,0.39103,0.298301,0.828235,599,599,599
grid,100,gsap,10,1,0.999853,1.00009,0,0,0,56.8182,53.7634,56.8182,57.4548,54.0541,58.1395,60.0002,59.9912,60.0056,17.8,17.7,20.5,0.385709,0.297033,1.02412,599,598,599
grid,100,motion,10,1,0.999923,1.00004,0,0,0.00166945,56.4972,54.0541,57.1363,57.4713,54.9451,58.1395,60.0002,59.9954,60.0026,17.8,17.7,25.4,0.369855,0.270303,0.840043,599,599,599
grid,100,raf,10,1,0.999983,1.00014,0,0,0,56.4972,53.7634,56.8182,57.4383,54.3478,58.8235,60.0002,59.999,60.0086,17.85,17.7,19.5,0.391702,0.243003,0.967443,599,598,599
grid,100,waapi,10,1.00001,0.999943,1.00021,0,0,0,56.8182,53.7634,56.8182,57.4713,54.6448,58.1395,60.0005,59.9966,60.0124,17.7,17.7,18.7,0.351775,0.303809,0.833421,599,598,599
grid,500,css-keyframes,10,1,0.996664,1.00012,0,0,0.00167504,54.2009,53.7577,56.8182,55.7107,54.6448,58.1395,60.0002,59.7999,60.0074,18.65,17.7,50.5,0.699098,0.286287,1.43497,599,597,599
grid,500,css-transition,10,1,0.999973,1.00001,0,0,0,56.6577,53.7634,56.8182,57.4548,54.9149,58.1395,60.0002,59.9984,60.0008,17.7,17.7,18.8,0.369577,0.277156,0.762933,599,599,599
grid,500,gsap,10,1.00001,0.999973,1.0001,0,0,0,54.198,53.4759,57.1429,56.3385,54.9451,58.1395,60.0005,59.9984,60.006,18.65,17.6,18.8,0.544942,0.276481,0.777809,599,599,600
grid,500,motion,10,1,1,1.00009,0,0,0,56.6577,53.4759,57.1429,57.6209,54.9149,58.8235,60.0002,60.0002,60.0056,17.75,17.7,18.7,0.364558,0.224635,0.717082,599,599,599
grid,500,raf,10,1,0.999933,1.00019,0,0,0,56.8182,53.7634,57.1363,57.8035,55.2486,58.4795,60.0002,59.996,60.0116,17.75,17.7,18.7,0.312541,0.26322,0.664096,599,599,599
grid,500,waapi,10,1,0.999983,1.00006,0,0,0,56.4972,53.7634,57.1363,57.2941,54.6448,58.4795,60.0002,59.999,60.0038,17.75,17.7,18.8,0.420084,0.250503,0.858457,599,599,599
grid,2000,css-keyframes,10,1,0.988327,1.00005,0,0,0.0101351,56.6528,52.4934,56.8182,57.9546,54.9451,58.4454,60.0002,59.2996,60.0032,18.2,17.6,50.2,0.456622,0.260591,2.07908,599,592,599
grid,2000,css-transition,10,0.669441,0.347821,0.712379,0.477499,0.396714,0.990385,20.543,11.8785,29.1758,29.2826,14.9701,29.9401,40.1664,20.8693,42.7428,50.7,50,166,8.62033,8.40204,16.1286,400,208,426
grid,2000,gsap,10,1,0.996664,1.00001,0,0,0.00335008,56.8182,53.7634,57.1429,57.9546,54.9451,59.1716,60.0002,59.7999,60.0006,18.15,17.6,34.3,0.450558,0.22896,1.03308,599,597,600
grid,2000,motion,10,0.998379,0.635051,1,0.00167224,0,0.498688,56.8182,15.083,57.1429,57.8035,29.0698,59.1716,59.9027,38.103,60.0002,33.55,17.7,117.1,0.750123,0.242452,11.6951,598,381,599
grid,2000,raf,10,1,0.938318,1.00018,0,0,0.0587189,55.583,29.2065,57.4647,57.7885,30.125,59.5238,60.0002,56.2991,60.011,18.25,17.7,49.9,0.421555,0.198877,4.60891,599,562,599
grid,2000,waapi,10,0.999164,0.968361,1.0001,0.00083612,0,0.0293103,56.6577,29.9401,56.8182,57.8035,54.9451,58.8235,59.9498,58.1017,60.006,25.95,17.7,50.2,0.708582,0.254225,3.28651,598.5,580,600
parallax,100,scroll-driven,10,0.999182,0.999087,0.999245,0,0,0,53.7634,53.7634,56.8182,54.9451,54.6448,57.8035,59.9509,59.9452,59.9547,18.7,17.7,18.8,0.778909,0.32591,0.817225,1138,1138,1138
parallax,500,scroll-driven,10,0.999176,0.99742,0.999182,0,0,0.000880282,54.0541,53.7634,56.8182,56.1798,55.788,58.8235,59.9506,59.8452,59.9509,18.7,17.8,50.1,0.555103,0.238201,1.16805,1138,1136,1138
parallax,2000,scroll-driven,10,0.999176,0.998298,0.999213,0,0,0.000879507,54.0541,53.7634,56.9379,56.0228,55.4939,58.8235,59.9506,59.8979,59.9528,18.7,17.7,34.7,0.599448,0.241538,0.802161,1138,1137,1138
