scene,complexity,metric,a,b,z,p_raw,p_holm,significant,cliffs_delta
composite,2000,refresh_ratio,css-keyframes,css-transition,2.82766,0.00468902,0.0515792,False,1
composite,2000,refresh_ratio,css-keyframes,gsap,-1.16056,0.245822,1,False,-0.42
composite,2000,refresh_ratio,css-keyframes,motion,-1.58374,0.113252,1,False,-0.33
composite,2000,refresh_ratio,css-keyframes,raf,-0.589896,0.55526,1,False,-0.33
composite,2000,refresh_ratio,css-keyframes,waapi,-1.76328,0.0778537,0.778537,False,-0.51
composite,2000,refresh_ratio,css-transition,gsap,-3.98821,6.65729e-05,0.000865448,True,-1
composite,2000,refresh_ratio,css-transition,motion,-4.4114,1.02705e-05,0.000143786,True,-1
composite,2000,refresh_ratio,css-transition,raf,-3.41755,0.00063187,0.00758244,True,-1
composite,2000,refresh_ratio,css-transition,waapi,-4.59093,4.41269e-06,6.61903e-05,True,-1
composite,2000,refresh_ratio,gsap,motion,-0.423187,0.672159,1,False,-0.18
composite,2000,refresh_ratio,gsap,raf,0.570661,0.56823,1,False,0.26
composite,2000,refresh_ratio,gsap,waapi,-0.60272,0.546695,1,False,-0.28
composite,2000,refresh_ratio,motion,raf,0.993847,0.320297,1,False,0.3
composite,2000,refresh_ratio,motion,waapi,-0.179534,0.857519,1,False,0.07
composite,2000,refresh_ratio,raf,waapi,-1.17338,0.240643,1,False,-0.44
composite,2000,over_budget_ratio,css-keyframes,css-transition,-3.80911,0.000139467,0.00153414,True,-1
composite,2000,over_budget_ratio,css-keyframes,gsap,1.58646,0.112635,1,False,0.4
composite,2000,over_budget_ratio,css-keyframes,motion,0.716725,0.473544,1,False,0.14
composite,2000,over_budget_ratio,css-keyframes,raf,1.58646,0.112635,1,False,0.4
composite,2000,over_budget_ratio,css-keyframes,waapi,1.22407,0.220926,1,False,0.33
composite,2000,over_budget_ratio,css-transition,gsap,5.39557,6.83061e-08,1.02459e-06,True,1
composite,2000,over_budget_ratio,css-transition,motion,4.52584,6.0157e-06,7.21883e-05,True,1
composite,2000,over_budget_ratio,css-transition,raf,5.39557,6.83061e-08,1.02459e-06,True,1
composite,2000,over_budget_ratio,css-transition,waapi,5.03318,4.82406e-07,6.27127e-06,True,1
composite,2000,over_budget_ratio,gsap,motion,-0.869734,0.384446,1,False,-0.2
composite,2000,over_budget_ratio,gsap,raf,0,1,1,False,0
composite,2000,over_budget_ratio,gsap,waapi,-0.362389,0.717061,1,False,-0.1
composite,2000,over_budget_ratio,motion,raf,0.869734,0.384446,1,False,0.2
composite,2000,over_budget_ratio,motion,waapi,0.507345,0.611913,1,False,0.12
composite,2000,over_budget_ratio,raf,waapi,-0.362389,0.717061,1,False,-0.1
composite,2000,p1_fps,css-keyframes,css-transition,3.58585,0.000335976,0.00403171,True,1
composite,2000,p1_fps,css-keyframes,gsap,-0.983218,0.3255,1,False,-0.33
composite,2000,p1_fps,css-keyframes,motion,1.18243,0.237034,1,False,0.4
composite,2000,p1_fps,css-keyframes,raf,-0.777578,0.436818,1,False,-0.27
composite,2000,p1_fps,css-keyframes,waapi,-0.771152,0.440617,1,False,-0.22
composite,2000,p1_fps,css-transition,gsap,-4.56907,4.89885e-06,7.34828e-05,True,-1
composite,2000,p1_fps,css-transition,motion,-2.40342,0.0162424,0.178666,False,-1
composite,2000,p1_fps,css-transition,raf,-4.36343,1.28037e-05,0.000179252,True,-1
composite,2000,p1_fps,css-transition,waapi,-4.35701,1.31853e-05,0.000179252,True,-1
composite,2000,p1_fps,gsap,motion,2.16565,0.0303379,0.303379,False,0.69
composite,2000,p1_fps,gsap,raf,0.20564,0.837072,1,False,0
composite,2000,p1_fps,gsap,waapi,0.212067,0.832055,1,False,0.09
composite,2000,p1_fps,motion,raf,-1.96001,0.0499946,0.449951,False,-0.49
composite,2000,p1_fps,motion,waapi,-1.95358,0.0507504,0.449951,False,-0.68
composite,2000,p1_fps,raf,waapi,0.00642626,0.994873,1,False,0.03
grid,2000,refresh_ratio,css-keyframes,css-transition,4.29395,1.75525e-05,0.000245735,True,1
grid,2000,refresh_ratio,css-keyframes,gsap,-0.0642806,0.948747,1,False,0.04
grid,2000,refresh_ratio,css-keyframes,motion,1.80629,0.0708737,0.637863,False,0.51
grid,2000,refresh_ratio,css-keyframes,raf,0.00642806,0.994871,1,False,-0.01
grid,2000,refresh_ratio,css-keyframes,waapi,0.977066,0.328537,1,False,0.28
grid,2000,refresh_ratio,css-transition,gsap,-4.35823,1.3112e-05,0.000196681,True,-1
grid,2000,refresh_ratio,css-transition,motion,-2.48766,0.0128586,0.141445,False,-0.86
grid,2000,refresh_ratio,css-transition,raf,-4.28752,1.8068e-05,0.000245735,True,-1
grid,2000,refresh_ratio,css-transition,waapi,-3.31688,0.000910285,0.0109234,True,-1
grid,2000,refresh_ratio,gsap,motion,1.87057,0.0614052,0.614052,False,0.62
grid,2000,refresh_ratio,gsap,raf,0.0707087,0.94363,1,False,0.02
grid,2000,refresh_ratio,gsap,waapi,1.04135,0.297715,1,False,0.32
grid,2000,refresh_ratio,motion,raf,-1.79986,0.0718831,0.637863,False,-0.54
grid,2000,refresh_ratio,motion,waapi,-0.82922,0.40698,1,False,-0.18
grid,2000,refresh_ratio,raf,waapi,0.970638,0.331729,1,False,0.28
grid,2000,over_budget_ratio,css-keyframes,css-transition,-4.38859,1.14086e-05,0.000148312,True,-1
grid,2000,over_budget_ratio,css-keyframes,gsap,0.361659,0.717607,1,False,0.1
grid,2000,over_budget_ratio,css-keyframes,motion,-1.21712,0.223558,1,False,-0.34
grid,2000,over_budget_ratio,css-keyframes,raf,0.0973697,0.922433,1,False,0.06
grid,2000,over_budget_ratio,css-keyframes,waapi,-0.820688,0.411824,1,False,-0.25
grid,2000,over_budget_ratio,css-transition,gsap,4.75025,2.03163e-06,3.04745e-05,True,1
grid,2000,over_budget_ratio,css-transition,motion,3.17147,0.00151669,0.0166836,True,0.88
grid,2000,over_budget_ratio,css-transition,raf,4.48596,7.25855e-06,0.00010162,True,1
grid,2000,over_budget_ratio,css-transition,waapi,3.56791,0.000359847,0.00431816,True,1
grid,2000,over_budget_ratio,gsap,motion,-1.57878,0.114386,1,False,-0.45
grid,2000,over_budget_ratio,gsap,raf,-0.264289,0.791557,1,False,-0.04
grid,2000,over_budget_ratio,gsap,waapi,-1.18235,0.237068,1,False,-0.36
grid,2000,over_budget_ratio,motion,raf,1.31449,0.188681,1,False,0.33
grid,2000,over_budget_ratio,motion,waapi,0.396434,0.691785,1,False,0.08
grid,2000,over_budget_ratio,raf,waapi,-0.918057,0.358589,1,False,-0.22
grid,2000,p1_fps,css-keyframes,css-transition,3.25884,0.00111869,0.0123055,True,1
grid,2000,p1_fps,css-keyframes,gsap,-1.17447,0.240206,1,False,-0.4
grid,2000,p1_fps,css-keyframes,motion,-0.34847,0.727487,1,False,-0.16
grid,2000,p1_fps,css-keyframes,raf,-0.258126,0.79631,1,False,-0.06
grid,2000,p1_fps,css-keyframes,waapi,-0.587237,0.557045,1,False,-0.15
grid,2000,p1_fps,css-transition,gsap,-4.43331,9.27957e-06,0.000139194,True,-1
grid,2000,p1_fps,css-transition,motion,-3.60731,0.000309387,0.00402203,True,-0.82
grid,2000,p1_fps,css-transition,raf,-3.51697,0.000436509,0.00523811,True,-1
grid,2000,p1_fps,css-transition,waapi,-3.84608,0.000120024,0.00168034,True,-1
grid,2000,p1_fps,gsap,motion,0.826003,0.408802,1,False,0.22
grid,2000,p1_fps,gsap,raf,0.916347,0.359485,1,False,0.25
grid,2000,p1_fps,gsap,waapi,0.587237,0.557045,1,False,0.18
grid,2000,p1_fps,motion,raf,0.0903441,0.928014,1,False,0.06
grid,2000,p1_fps,motion,waapi,-0.238767,0.811287,1,False,-0.05
grid,2000,p1_fps,raf,waapi,-0.329111,0.742072,1,False,-0.12
