scene,complexity,metric,a,b,U,p_raw,cliffs_delta,shift,ci95_low,ci95_high,margin,equivalent,p_holm,significant,p_holm_all,significant_all
composite,100,refresh_ratio,css-keyframes,css-transition,43,0.621731,-0.14,-8.04368e-06,-2.80932e-05,1.79623e-05,0.02,True,1,False,1,False
composite,100,refresh_ratio,css-keyframes,gsap,31.5,0.171509,-0.37,-1.0017e-05,-3.0051e-05,1.95655e-06,0.02,True,1,False,1,False
composite,100,refresh_ratio,css-keyframes,motion,25.5,0.0680694,-0.49,-1.80605e-05,-4.007e-05,0,0.02,True,1,False,1,False
composite,100,refresh_ratio,css-keyframes,raf,45.5,0.761847,-0.09,-8.04368e-06,-0.000120217,4.00635e-05,0.02,True,1,False,1,False
composite,100,refresh_ratio,css-keyframes,waapi,39.5,0.448667,-0.21,-9.03033e-06,-4.99981e-05,1.19735e-05,0.02,True,1,False,1,False
composite,100,refresh_ratio,css-transition,gsap,40,0.468295,-0.2,-5.00849e-06,-3.81094e-05,1.00002e-05,0.02,True,1,False,1,False
composite,100,refresh_ratio,css-transition,motion,33.5,0.221903,-0.33,-8.04368e-06,-5.00829e-05,1.97331e-06,0.02,True,1,False,1,False
composite,100,refresh_ratio,css-transition,raf,50,1,0,0,-0.000120217,3.82051e-05,0.02,True,1,False,1,False
composite,100,refresh_ratio,css-transition,waapi,46,0.790721,-0.08,-2.22045e-16,-5.99972e-05,1.19735e-05,0.02,True,1,False,1,False
composite,100,refresh_ratio,gsap,motion,47,0.847829,-0.06,0,-3.99981e-05,1.00172e-05,0.02,True,1,False,1,False
composite,100,refresh_ratio,gsap,raf,57.5,0.595454,0.15,1.97331e-06,-0.0001102,4.82042e-05,0.02,True,1,False,1,False
composite,100,refresh_ratio,gsap,waapi,54.5,0.761673,0.09,1.96493e-06,-4.00133e-05,2.99995e-05,0.02,True,1,False,1,False
composite,100,refresh_ratio,motion,raf,59.5,0.493846,0.19,5.98667e-06,-0.0001102,6.81567e-05,0.02,True,1,False,1,False
composite,100,refresh_ratio,motion,waapi,60.5,0.44798,0.21,8.04368e-06,-1.19566e-05,4.1973e-05,0.02,True,1,False,1,False
composite,100,refresh_ratio,raf,waapi,49.5,1,-0.01,0,-6.82028e-05,0.000122174,0.02,True,1,False,1,False
composite,100,over_budget_ratio,css-keyframes,css-transition,50,1,0,0,0,0,0.02,True,1,False,1,False
composite,100,over_budget_ratio,css-keyframes,gsap,50,1,0,0,0,0,0.02,True,1,False,1,False
composite,100,over_budget_ratio,css-keyframes,motion,50,1,0,0,0,0,0.02,True,1,False,1,False
composite,100,over_budget_ratio,css-keyframes,raf,50,1,0,0,0,0,0.02,True,1,False,1,False
composite,100,over_budget_ratio,css-keyframes,waapi,50,1,0,0,0,0,0.02,True,1,False,1,False
composite,100,over_budget_ratio,css-transition,gsap,50,1,0,0,0,0,0.02,True,1,False,1,False
composite,100,over_budget_ratio,css-transition,motion,50,1,0,0,0,0,0.02,True,1,False,1,False
composite,100,over_budget_ratio,css-transition,raf,50,1,0,0,0,0,0.02,True,1,False,1,False
composite,100,over_budget_ratio,css-transition,waapi,50,1,0,0,0,0,0.02,True,1,False,1,False
composite,100,over_budget_ratio,gsap,motion,50,1,0,0,0,0,0.02,True,1,False,1,False
composite,100,over_budget_ratio,gsap,raf,50,1,0,0,0,0,0.02,True,1,False,1,False
composite,100,over_budget_ratio,gsap,waapi,50,1,0,0,0,0,0.02,True,1,False,1,False
composite,100,over_budget_ratio,motion,raf,50,1,0,0,0,0,0.02,True,1,False,1,False
composite,100,over_budget_ratio,motion,waapi,50,1,0,0,0,0,0.02,True,1,False,1,False
composite,100,over_budget_ratio,raf,waapi,50,1,0,0,0,0,0.02,True,1,False,1,False
composite,100,p1_fps,css-keyframes,css-transition,41,0.468098,-0.18,0,-0.290613,0,nan,False,1,False,1,False
composite,100,p1_fps,css-keyframes,gsap,46,0.772015,-0.08,0,-0.324675,0.321007,nan,False,1,False,1,False
composite,100,p1_fps,css-keyframes,motion,47,0.835824,-0.06,0,-0.00968327,0.321007,nan,False,1,False,1,False
composite,100,p1_fps,css-keyframes,raf,57,0.604958,0.14,0,-0.314881,2.76413,nan,False,1,False,1,False
composite,100,p1_fps,css-keyframes,waapi,67,0.189147,0.34,0.584385,0,3.05474,nan,False,1,False,1,False
composite,100,p1_fps,css-transition,gsap,54.5,0.740545,0.09,0,-0.321007,0.321007,nan,False,1,False,1,False
composite,100,p1_fps,css-transition,motion,55.5,0.678936,0.11,0,-1.4353e-12,0.321007,nan,False,1,False,1,False
composite,100,p1_fps,css-transition,raf,65,0.2499,0.3,1.42819e-12,-0.281849,2.76413,nan,False,1,False,1,False
composite,100,p1_fps,css-transition,waapi,77.5,0.0322262,0.55,2.73373,0,3.05474,nan,False,0.483393,False,1,False
composite,100,p1_fps,gsap,motion,51.5,0.935626,0.03,0,-0.321007,0.324675,nan,False,1,False,1,False
composite,100,p1_fps,gsap,raf,60,0.45776,0.2,1.00897e-12,-0.314881,2.73373,nan,False,1,False,1,False
composite,100,p1_fps,gsap,waapi,75,0.0554959,0.5,0.324675,0,3.05474,nan,False,0.776943,False,1,False
composite,100,p1_fps,motion,raf,58,0.557254,0.16,0,-0.314881,2.73373,nan,False,1,False,1,False
composite,100,p1_fps,motion,waapi,71,0.108657,0.42,0.290613,0,3.05474,nan,False,1,False,1,False
composite,100,p1_fps,raf,waapi,64,0.29898,0.28,0.290613,-2.54374e-12,3.05474,nan,False,1,False,1,False
composite,500,refresh_ratio,css-keyframes,css-transition,50.5,1,0.01,0,-1.19566e-05,6.80339e-05,0.02,True,1,False,1,False
composite,500,refresh_ratio,css-keyframes,gsap,59,0.50679,0.18,1.97331e-06,-1.00002e-05,2.80771e-05,0.02,True,1,False,1,False
composite,500,refresh_ratio,css-keyframes,motion,48,0.908162,-0.04,0,-1.00004e-05,1.00002e-05,0.02,True,1,False,1,False
composite,500,refresh_ratio,css-keyframes,raf,64,0.296332,0.28,8.04368e-06,-1.00002e-05,7.80509e-05,0.02,True,1,False,1,False
composite,500,refresh_ratio,css-keyframes,waapi,60.5,0.437369,0.21,5.98677e-06,-1e-05,1.19735e-05,0.02,True,1,False,1,False
composite,500,refresh_ratio,css-transition,gsap,62.5,0.356267,0.25,1.96493e-06,-8.04368e-06,1.0017e-05,0.02,True,1,False,1,False
composite,500,refresh_ratio,css-transition,motion,53,0.848177,0.06,0,-1.00004e-05,1.00002e-05,0.02,True,1,False,1,False
composite,500,refresh_ratio,css-transition,raf,66,0.236145,0.32,1.97331e-06,-8.04368e-06,2.00011e-05,0.02,True,1,False,1,False
composite,500,refresh_ratio,css-transition,waapi,69,0.156732,0.38,1.95655e-06,-8.04368e-06,1.19735e-05,0.02,True,1,False,1,False
composite,500,refresh_ratio,gsap,motion,44,0.672311,-0.12,-9.86656e-07,-1.0017e-05,1.95655e-06,0.02,True,1,False,1,False
composite,500,refresh_ratio,gsap,raf,59,0.510998,0.18,2.22045e-16,-8.04368e-06,1.00004e-05,0.02,True,1,False,1,False
composite,500,refresh_ratio,gsap,waapi,61.5,0.392935,0.23,1.95655e-06,-8.04368e-06,1.00002e-05,0.02,True,1,False,1,False
composite,500,refresh_ratio,motion,raf,65,0.267019,0.3,5.00849e-06,-1.95655e-06,1.80441e-05,0.02,True,1,False,1,False
composite,500,refresh_ratio,motion,waapi,63,0.333176,0.26,1.11022e-16,-1.11022e-16,1.00004e-05,0.02,True,1,False,1,False
composite,500,refresh_ratio,raf,waapi,47.5,0.877093,-0.05,0,-3.20255e-05,1.00002e-05,0.02,True,1,False,1,False
composite,500,over_budget_ratio,css-keyframes,css-transition,50,1,0,0,0,0,0.02,True,1,False,1,False
composite,500,over_budget_ratio,css-keyframes,gsap,50,1,0,0,0,0,0.02,True,1,False,1,False
composite,500,over_budget_ratio,css-keyframes,motion,50,1,0,0,0,0,0.02,True,1,False,1,False
composite,500,over_budget_ratio,css-keyframes,raf,50,1,0,0,0,0,0.02,True,1,False,1,False
composite,500,over_budget_ratio,css-keyframes,waapi,50,1,0,0,0,0,0.02,True,1,False,1,False
composite,500,over_budget_ratio,css-transition,gsap,50,1,0,0,0,0,0.02,True,1,False,1,False
composite,500,over_budget_ratio,css-transition,motion,50,1,0,0,0,0,0.02,True,1,False,1,False
composite,500,over_budget_ratio,css-transition,raf,50,1,0,0,0,0,0.02,True,1,False,1,False
composite,500,over_budget_ratio,css-transition,waapi,50,1,0,0,0,0,0.02,True,1,False,1,False
composite,500,over_budget_ratio,gsap,motion,50,1,0,0,0,0,0.02,True,1,False,1,False
composite,500,over_budget_ratio,gsap,raf,50,1,0,0,0,0,0.02,True,1,False,1,False
composite,500,over_budget_ratio,gsap,waapi,50,1,0,0,0,0,0.02,True,1,False,1,False
composite,500,over_budget_ratio,motion,raf,50,1,0,0,0,0,0.02,True,1,False,1,False
composite,500,over_budget_ratio,motion,waapi,50,1,0,0,0,0,0.02,True,1,False,1,False
composite,500,over_budget_ratio,raf,waapi,50,1,0,0,0,0,0.02,True,1,False,1,False
composite,500,p1_fps,css-keyframes,css-transition,66.5,0.219233,0.33,0.321007,-1.42819e-12,0.584385,nan,False,1,False,1,False
composite,500,p1_fps,css-keyframes,gsap,43,0.605708,-0.14,0,-0.321802,5.81935e-12,nan,False,1,False,1,False
composite,500,p1_fps,css-keyframes,motion,49,0.969374,-0.02,0,-0.324675,2.73373,nan,False,1,False,1,False
composite,500,p1_fps,css-keyframes,raf,64.5,0.279182,0.29,0.00326493,-0.314881,2.73951,nan,False,1,False,1,False
composite,500,p1_fps,css-keyframes,waapi,48,0.908233,-0.04,0,-0.318145,0.00652987,nan,False,1,False,1,False
composite,500,p1_fps,css-transition,gsap,26,0.0690776,-0.48,-0.321007,-0.646477,0,nan,False,1,False,1,False
composite,500,p1_fps,css-transition,motion,35,0.269406,-0.3,-0.318145,-0.639152,0.324675,nan,False,1,False,1,False
composite,500,p1_fps,css-transition,raf,48.5,0.939239,-0.03,0,-0.321007,0.645682,nan,False,1,False,1,False
composite,500,p1_fps,css-transition,waapi,28,0.102286,-0.44,-0.316348,-0.324675,1.42819e-12,nan,False,1,False,1,False
composite,500,p1_fps,gsap,motion,49.5,1,-0.01,0,-0.318145,2.76413,nan,False,1,False,1,False
composite,500,p1_fps,gsap,raf,69.5,0.13768,0.39,0.1654,0,2.76413,nan,False,1,False,1,False
composite,500,p1_fps,gsap,waapi,48,0.907623,-0.04,0,-5.81935e-12,0.324675,nan,False,1,False,1,False
composite,500,p1_fps,motion,raf,67.5,0.195712,0.35,0.00652987,-0.314881,0.639152,nan,False,1,False,1,False
composite,500,p1_fps,motion,waapi,53,0.849151,0.06,5.68434e-14,-2.76413,0.324675,nan,False,1,False,1,False
composite,500,p1_fps,raf,waapi,33,0.208316,-0.34,-5.81935e-12,-2.76413,0.00645588,nan,False,1,False,1,False
composite,2000,refresh_ratio,css-keyframes,css-transition,100,0.000182672,1,0.413685,0.403293,0.420955,0.02,False,0.0025605,True,0.0455944,True
composite,2000,refresh_ratio,css-keyframes,gsap,29,0.118701,-0.42,-0.000109991,-0.00499425,2.22045e-16,0.02,True,0.94961,False,1,False
composite,2000,refresh_ratio,css-keyframes,motion,33.5,0.226127,-0.33,-0.000115992,-0.00205003,0.000149979,0.02,True,1,False,1,False
composite,2000,refresh_ratio,css-keyframes,raf,33.5,0.225602,-0.33,-0.000105961,-0.00492426,1.00002e-05,0.02,True,1,False,1,False
composite,2000,refresh_ratio,css-keyframes,waapi,24.5,0.0584967,-0.51,-0.000144993,-0.00499425,0,0.02,True,0.584967,False,1,False
composite,2000,refresh_ratio,css-transition,gsap,0,0.0001707,-1,-0.415964,-0.421055,-0.407009,0.02,False,0.0025605,True,0.04387,True
composite,2000,refresh_ratio,css-transition,motion,0,0.000181651,-1,-0.414984,-0.421065,-0.402098,0.02,False,0.0025605,True,0.0455944,True
composite,2000,refresh_ratio,css-transition,raf,0,0.000181651,-1,-0.415934,-0.421055,-0.407009,0.02,False,0.0025605,True,0.0455944,True
composite,2000,refresh_ratio,css-transition,waapi,0,0.000182672,-1,-0.415255,-0.421065,-0.407019,0.02,False,0.0025605,True,0.0455944,True
composite,2000,refresh_ratio,gsap,motion,41,0.517995,-0.18,-1.09869e-05,-0.000120018,0.000149979,0.02,True,1,False,1,False
composite,2000,refresh_ratio,gsap,raf,63,0.338453,0.26,8.04368e-06,-1.95655e-06,6.9996e-05,0.02,True,1,False,1,False
composite,2000,refresh_ratio,gsap,waapi,36,0.302344,-0.28,-5.98677e-06,-7.99946e-05,1e-05,0.02,True,1,False,1,False
composite,2000,refresh_ratio,motion,raf,65,0.272314,0.3,3.59783e-05,-0.000149979,0.000159976,0.02,True,1,False,1,False
composite,2000,refresh_ratio,motion,waapi,53.5,0.82033,0.07,1.97331e-06,-0.00015998,0.000110011,0.02,True,1,False,1,False
composite,2000,refresh_ratio,raf,waapi,28,0.103068,-0.44,-1.00002e-05,-0.000110016,1.11022e-16,0.02,True,0.927614,False,1,False
composite,2000,over_budget_ratio,css-keyframes,css-transition,0,0.000148514,-1,-0.670423,-0.693642,-0.657419,0.02,False,0.00163365,True,0.0390591,True
composite,2000,over_budget_ratio,css-keyframes,gsap,70,0.034843,0.4,0,0,0.00503356,0.02,True,0.34843,False,1,False
composite,2000,over_budget_ratio,css-keyframes,motion,57,0.54443,0.14,0,0,0.00170628,0.02,True,1,False,1,False
composite,2000,over_budget_ratio,css-keyframes,raf,70,0.034843,0.4,0,0,0.00503356,0.02,True,0.34843,False,1,False
composite,2000,over_budget_ratio,css-keyframes,waapi,66.5,0.111465,0.33,0,0,0.00503356,0.02,True,0.891716,False,1,False
composite,2000,over_budget_ratio,css-transition,gsap,100,6.38644e-05,1,0.675729,0.659091,0.693642,0.02,False,0.000957967,True,0.0172434,True
composite,2000,over_budget_ratio,css-transition,motion,100,0.000110671,1,0.670423,0.654638,0.693642,0.02,False,0.00132805,True,0.0295491,True
composite,2000,over_budget_ratio,css-transition,raf,100,6.38644e-05,1,0.675729,0.659091,0.693642,0.02,False,0.000957967,True,0.0172434,True
composite,2000,over_budget_ratio,css-transition,waapi,100,8.74499e-05,1,0.674892,0.659091,0.693642,0.02,False,0.00113685,True,0.0234366,True
composite,2000,over_budget_ratio,gsap,motion,40,0.168078,-0.2,0,0,0,0.02,True,1,False,1,False
composite,2000,over_budget_ratio,gsap,raf,50,1,0,0,0,0,0.02,True,1,False,1,False
composite,2000,over_budget_ratio,gsap,waapi,45,0.36812,-0.1,0,0,0,0.02,True,1,False,1,False
composite,2000,over_budget_ratio,motion,raf,60,0.168078,0.2,0,0,0,0.02,True,1,False,1,False
composite,2000,over_budget_ratio,motion,waapi,56,0.503631,0.12,0,0,0,0.02,True,1,False,1,False
composite,2000,over_budget_ratio,raf,waapi,45,0.36812,-0.1,0,0,0,0.02,True,1,False,1,False
composite,2000,p1_fps,css-keyframes,css-transition,100,0.000172654,1,34.299,34.0482,36.8581,nan,False,0.00237597,True,0.0439488,True
composite,2000,p1_fps,css-keyframes,gsap,33.5,0.221725,-0.33,-0.287692,-2.79503,0.293772,nan,False,1,False,1,False
composite,2000,p1_fps,css-keyframes,motion,70,0.13942,0.4,0.318145,-5.41434e-12,3.08812,nan,False,0.975937,False,1,False
composite,2000,p1_fps,css-keyframes,raf,36.5,0.320418,-0.27,-0.318145,-3.05474,0.290613,nan,False,1,False,1,False
composite,2000,p1_fps,css-keyframes,waapi,39,0.42631,-0.22,-0.290787,-3.08227,0.299615,nan,False,1,False,1,False
composite,2000,p1_fps,css-transition,gsap,0,0.000162111,-1,-36.8264,-37.0142,-34.1295,nan,False,0.00237597,True,0.0423109,True
composite,2000,p1_fps,css-transition,motion,0,0.000167801,-1,-33.8034,-34.0881,-33.7634,nan,False,0.00237597,True,0.0434603,True
composite,2000,p1_fps,css-transition,raf,0,0.000158398,-1,-36.8463,-37.1429,-33.8447,nan,False,0.00237597,True,0.0415003,True
composite,2000,p1_fps,css-transition,waapi,0,0.000171675,-1,-35.8236,-37.1429,-34.0881,nan,False,0.00237597,True,0.0439488,True
composite,2000,p1_fps,gsap,motion,84.5,0.00941376,0.69,3.05474,0.28477,3.37942,nan,False,0.0941376,False,1,False
composite,2000,p1_fps,gsap,raf,50,1,0,0,-0.324675,0.324675,nan,False,1,False,1,False
composite,2000,p1_fps,gsap,waapi,54.5,0.760705,0.09,1.13687e-13,-0.318145,2.50999,nan,False,1,False,1,False
composite,2000,p1_fps,motion,raf,25.5,0.0636817,-0.49,-3.05474,-3.37942,0,nan,False,0.509454,False,1,False
composite,2000,p1_fps,motion,waapi,16,0.0110544,-0.68,-0.869426,-3.37289,-0.28477,nan,False,0.0994898,False,1,False
composite,2000,p1_fps,raf,waapi,51.5,0.939286,0.03,5.68434e-14,-0.324675,2.50999,nan,False,1,False,1,False
grid,100,refresh_ratio,css-keyframes,css-transition,62,0.368725,0.24,1.00167e-05,-1.00169e-05,6.0097e-05,0.02,True,1,False,1,False
grid,100,refresh_ratio,css-keyframes,gsap,47,0.842814,-0.06,0,-2.00327e-05,3.00494e-05,0.02,True,1,False,1,False
grid,100,refresh_ratio,css-keyframes,motion,41,0.467885,-0.18,0,-3.00512e-05,0,0.02,True,1,False,1,False
grid,100,refresh_ratio,css-keyframes,raf,36,0.284261,-0.28,-3.3501e-06,-7.01222e-05,2.22045e-16,0.02,True,1,False,1,False
grid,100,refresh_ratio,css-keyframes,waapi,29.5,0.11221,-0.41,-1.00169e-05,-5.00863e-05,0,0.02,True,1,False,1,False
grid,100,refresh_ratio,css-transition,gsap,38,0.380705,-0.24,-1.00169e-05,-7.01124e-05,3.00494e-05,0.02,True,1,False,1,False
grid,100,refresh_ratio,css-transition,motion,32.5,0.184104,-0.35,-2.00331e-05,-7.01124e-05,1.00167e-05,0.02,True,1,False,1,False
grid,100,refresh_ratio,css-transition,raf,26.5,0.0794532,-0.47,-4.50716e-05,-8.01293e-05,0,0.02,True,1,False,1,False
grid,100,refresh_ratio,css-transition,waapi,24.5,0.0562232,-0.51,-3.00479e-05,-8.01293e-05,0,0.02,True,0.843347,False,1,False
grid,100,refresh_ratio,gsap,motion,44.5,0.69179,-0.11,0,-4.00687e-05,1.33838e-05,0.02,True,1,False,1,False
grid,100,refresh_ratio,gsap,raf,39.5,0.443279,-0.21,-1.00167e-05,-7.01138e-05,1.00169e-05,0.02,True,1,False,1,False
grid,100,refresh_ratio,gsap,waapi,37,0.337333,-0.26,-1.00169e-05,-6.0103e-05,1.00167e-05,0.02,True,1,False,1,False
grid,100,refresh_ratio,motion,raf,44.5,0.69179,-0.11,0,-7.0111e-05,1.00167e-05,0.02,True,1,False,1,False
grid,100,refresh_ratio,motion,waapi,38.5,0.382935,-0.23,-1.00167e-05,-5.00863e-05,1.00167e-05,0.02,True,1,False,1,False
grid,100,refresh_ratio,raf,waapi,44,0.67291,-0.12,-1.11022e-16,-2.00331e-05,4.00638e-05,0.02,True,1,False,1,False
grid,100,over_budget_ratio,css-keyframes,css-transition,50,1,0,0,0,0,0.02,True,1,False,1,False
grid,100,over_budget_ratio,css-keyframes,gsap,50,1,0,0,0,0,0.02,True,1,False,1,False
grid,100,over_budget_ratio,css-keyframes,motion,45,0.36812,-0.1,0,0,0,0.02,True,1,False,1,False
grid,100,over_budget_ratio,css-keyframes,raf,50,1,0,0,0,0,0.02,True,1,False,1,False
grid,100,over_budget_ratio,css-keyframes,waapi,50,1,0,0,0,0,0.02,True,1,False,1,False
grid,100,over_budget_ratio,css-transition,gsap,50,1,0,0,0,0,0.02,True,1,False,1,False
grid,100,over_budget_ratio,css-transition,motion,45,0.36812,-0.1,0,0,0,0.02,True,1,False,1,False
grid,100,over_budget_ratio,css-transition,raf,50,1,0,0,0,0,0.02,True,1,False,1,False
grid,100,over_budget_ratio,css-transition,waapi,50,1,0,0,0,0,0.02,True,1,False,1,False
grid,100,over_budget_ratio,gsap,motion,45,0.36812,-0.1,0,0,0,0.02,True,1,False,1,False
grid,100,over_budget_ratio,gsap,raf,50,1,0,0,0,0,0.02,True,1,False,1,False
grid,100,over_budget_ratio,gsap,waapi,50,1,0,0,0,0,0.02,True,1,False,1,False
grid,100,over_budget_ratio,motion,raf,55,0.36812,0.1,0,0,0,0.02,True,1,False,1,False
grid,100,over_budget_ratio,motion,waapi,55,0.36812,0.1,0,0,0,0.02,True,1,False,1,False
grid,100,over_budget_ratio,raf,waapi,50,1,0,0,0,0,0.02,True,1,False,1,False
grid,100,p1_fps,css-keyframes,css-transition,55,0.729692,0.1,0,-0.321007,0.321007,nan,False,1,False,1,False
grid,100,p1_fps,css-keyframes,gsap,42.5,0.578581,-0.15,0,-0.321007,1.4353e-12,nan,False,1,False,1,False
grid,100,p1_fps,css-keyframes,motion,49,0.969481,-0.02,0,-0.321007,0.321007,nan,False,1,False,1,False
grid,100,p1_fps,css-keyframes,raf,56,0.67195,0.12,7.17648e-13,-0.314551,0.321007,nan,False,1,False,1,False
grid,100,p1_fps,css-keyframes,waapi,43,0.611272,-0.14,0,-0.321007,1.4353e-12,nan,False,1,False,1,False
grid,100,p1_fps,css-transition,gsap,36.5,0.302676,-0.27,-0.142385,-0.321007,7.24754e-13,nan,False,1,False,1,False
grid,100,p1_fps,css-transition,motion,44,0.674452,-0.12,-1.48503e-12,-2.44312,0.321007,nan,False,1,False,1,False
grid,100,p1_fps,css-transition,raf,54,0.787477,0.08,0,-0.321007,0.321007,nan,False,1,False,1,False
grid,100,p1_fps,css-transition,waapi,37.5,0.348272,-0.25,-2.90612e-12,-2.44312,7.24754e-13,nan,False,1,False,1,False
grid,100,p1_fps,gsap,motion,63.5,0.309383,0.27,0.00645588,-0.318145,0.321007,nan,False,1,False,1,False
grid,100,p1_fps,gsap,raf,72.5,0.0798531,0.45,0.28477,0,0.321007,nan,False,1,False,1,False
grid,100,p1_fps,gsap,waapi,53.5,0.803864,0.07,0,-2.90612e-12,0.321007,nan,False,1,False,1,False
grid,100,p1_fps,motion,raf,54,0.789236,0.08,5.68434e-14,-0.314551,2.73373,nan,False,1,False,1,False
grid,100,p1_fps,motion,waapi,38,0.373484,-0.24,-2.90612e-12,-0.321007,0.314551,nan,False,1,False,1,False
grid,100,p1_fps,raf,waapi,34,0.223452,-0.32,-0.00645588,-2.73373,0,nan,False,1,False,1,False
grid,500,refresh_ratio,css-keyframes,css-transition,58.5,0.530285,0.17,0,-1.00169e-05,4.00687e-05,0.02,True,1,False,1,False
grid,500,refresh_ratio,css-keyframes,gsap,47.5,0.876756,-0.05,0,-8.66542e-05,3.00518e-05,0.02,True,1,False,1,False
grid,500,refresh_ratio,css-keyframes,motion,47,0.839706,-0.06,0,-8.01421e-05,3.00566e-05,0.02,True,1,False,1,False
grid,500,refresh_ratio,css-keyframes,raf,52,0.907732,0.04,0,-0.000130235,6.0097e-05,0.02,True,1,False,1,False
grid,500,refresh_ratio,css-keyframes,waapi,52,0.906593,0.04,0,-5.00873e-05,4.00687e-05,0.02,True,1,False,1,False
grid,500,refresh_ratio,css-transition,gsap,37.5,0.346522,-0.25,-1.00167e-05,-3.00494e-05,1.00167e-05,0.02,True,1,False,1,False
grid,500,refresh_ratio,css-transition,motion,33,0.17867,-0.34,-1.00167e-05,-2.00339e-05,0,0.02,True,1,False,1,False
grid,500,refresh_ratio,css-transition,raf,51,0.969024,0.02,0,-5.00863e-05,2.00335e-05,0.02,True,1,False,1,False
grid,500,refresh_ratio,css-transition,waapi,40,0.45374,-0.2,0,-2.00335e-05,1.00167e-05,0.02,True,1,False,1,False
grid,500,refresh_ratio,gsap,motion,49,0.968127,-0.02,0,-1.00171e-05,1.00169e-05,0.02,True,1,False,1,False
grid,500,refresh_ratio,gsap,raf,58.5,0.538711,0.17,1.00167e-05,-4.00695e-05,6.0097e-05,0.02,True,1,False,1,False
grid,500,refresh_ratio,gsap,waapi,54,0.78509,0.08,0,-1.00171e-05,2.00335e-05,0.02,True,1,False,1,False
grid,500,refresh_ratio,motion,raf,62,0.361684,0.24,1.00167e-05,-5.00863e-05,6.0097e-05,0.02,True,1,False,1,False
grid,500,refresh_ratio,motion,waapi,56,0.655491,0.12,0,-1.00169e-05,2.00331e-05,0.02,True,1,False,1,False
grid,500,refresh_ratio,raf,waapi,44,0.670373,-0.12,0,-4.00638e-05,5.00863e-05,0.02,True,1,False,1,False
grid,500,over_budget_ratio,css-keyframes,css-transition,55,0.36812,0.1,0,0,0,0.02,True,1,False,1,False
grid,500,over_budget_ratio,css-keyframes,gsap,55,0.36812,0.1,0,0,0,0.02,True,1,False,1,False
grid,500,over_budget_ratio,css-keyframes,motion,55,0.36812,0.1,0,0,0,0.02,True,1,False,1,False
grid,500,over_budget_ratio,css-keyframes,raf,55,0.36812,0.1,0,0,0,0.02,True,1,False,1,False
grid,500,over_budget_ratio,css-keyframes,waapi,55,0.36812,0.1,0,0,0,0.02,True,1,False,1,False
grid,500,over_budget_ratio,css-transition,gsap,50,1,0,0,0,0,0.02,True,1,False,1,False
grid,500,over_budget_ratio,css-transition,motion,50,1,0,0,0,0,0.02,True,1,False,1,False
grid,500,over_budget_ratio,css-transition,raf,50,1,0,0,0,0,0.02,True,1,False,1,False
grid,500,over_budget_ratio,css-transition,waapi,50,1,0,0,0,0,0.02,True,1,False,1,False
grid,500,over_budget_ratio,gsap,motion,50,1,0,0,0,0,0.02,True,1,False,1,False
grid,500,over_budget_ratio,gsap,raf,50,1,0,0,0,0,0.02,True,1,False,1,False
grid,500,over_budget_ratio,gsap,waapi,50,1,0,0,0,0,0.02,True,1,False,1,False
grid,500,over_budget_ratio,motion,raf,50,1,0,0,0,0,0.02,True,1,False,1,False
grid,500,over_budget_ratio,motion,waapi,50,1,0,0,0,0,0.02,True,1,False,1,False
grid,500,over_budget_ratio,raf,waapi,50,1,0,0,0,0,0.02,True,1,False,1,False
grid,500,p1_fps,css-keyframes,css-transition,38.5,0.39831,-0.23,-5.78382e-12,-2.76413,0.290613,nan,False,1,False,1,False
grid,500,p1_fps,css-keyframes,gsap,43,0.621201,-0.14,-2.8848e-12,-0.645682,0.87189,nan,False,1,False,1,False
grid,500,p1_fps,css-keyframes,motion,35,0.268307,-0.3,-0.3087,-2.76997,0.293772,nan,False,1,False,1,False
grid,500,p1_fps,css-keyframes,raf,28.5,0.104675,-0.43,-0.318145,-2.76997,0,nan,False,1,False,1,False
grid,500,p1_fps,css-keyframes,waapi,39,0.419557,-0.22,-0.00584305,-2.73373,0.293772,nan,False,1,False,1,False
grid,500,p1_fps,css-transition,gsap,52,0.909073,0.04,0,-0.324675,2.76413,nan,False,1,False,1,False
grid,500,p1_fps,css-transition,motion,42.5,0.593065,-0.15,-0.142385,-0.645682,0.578118,nan,False,1,False,1,False
grid,500,p1_fps,css-transition,raf,41,0.510832,-0.18,-1.4353e-12,-2.76413,5.78382e-12,nan,False,1,False,1,False
grid,500,p1_fps,css-transition,waapi,52,0.907983,0.04,0,-0.639152,0.321007,nan,False,1,False,1,False
grid,500,p1_fps,gsap,motion,43,0.62067,-0.14,-0.145307,-2.76997,0.321007,nan,False,1,False,1,False
grid,500,p1_fps,gsap,raf,43.5,0.647164,-0.13,-0.142385,-2.76413,0.00652987,nan,False,1,False,1,False
grid,500,p1_fps,gsap,waapi,48.5,0.939193,-0.03,0,-2.73373,0.321007,nan,False,1,False,1,False
grid,500,p1_fps,motion,raf,50,1,0,0,-2.76413,0.324675,nan,False,1,False,1,False
grid,500,p1_fps,motion,waapi,57,0.61933,0.14,0.00326493,-0.639152,0.645682,nan,False,1,False,1,False
grid,500,p1_fps,raf,waapi,62,0.373484,0.24,1.47082e-12,-0.290613,2.76413,nan,False,1,False,1,False
grid,2000,refresh_ratio,css-keyframes,css-transition,100,0.000181651,1,0.328919,0.311032,0.418065,0.02,False,0.00253145,True,0.0455944,True
grid,2000,refresh_ratio,css-keyframes,gsap,52,0.908761,0.04,0,-0.00165944,2.00335e-05,0.02,True,1,False,1,False
grid,2000,refresh_ratio,css-keyframes,motion,75.5,0.0584967,0.51,0.00157444,0,0.00833726,0.02,True,0.467973,False,1,False
grid,2000,refresh_ratio,css-keyframes,raf,49.5,1,-0.01,0,-0.00165955,5.00863e-05,0.02,True,1,False,1,False
grid,2000,refresh_ratio,css-keyframes,waapi,64,0.306213,0.28,2.00335e-05,-6.93042e-05,0.00834727,0.02,True,1,False,1,False
grid,2000,refresh_ratio,css-transition,gsap,0,0.000171675,-1,-0.328897,-0.418065,-0.311042,0.02,False,0.00253145,True,0.0439488,True
grid,2000,refresh_ratio,css-transition,motion,7,0.00130942,-0.86,-0.32472,-0.414727,-0.294744,0.02,False,0.0144037,True,0.31688,False
grid,2000,refresh_ratio,css-transition,raf,0,0.000168763,-1,-0.328889,-0.418065,-0.294984,0.02,False,0.00253145,True,0.0435409,True
grid,2000,refresh_ratio,css-transition,waapi,0,0.000181651,-1,-0.328879,-0.418055,-0.300594,0.02,False,0.00253145,True,0.0455944,True
grid,2000,refresh_ratio,gsap,motion,81,0.0199828,0.62,0.00157945,1.00167e-05,0.00834727,0.02,True,0.199828,False,1,False
grid,2000,refresh_ratio,gsap,raf,51,0.968938,0.02,0,-1.00167e-05,6.66119e-06,0.02,True,1,False,1,False
grid,2000,refresh_ratio,gsap,waapi,66,0.234339,0.32,1.00167e-05,-2.22045e-16,0.00834727,0.02,True,1,False,1,False
grid,2000,refresh_ratio,motion,raf,23,0.0433846,-0.54,-0.000909939,-0.00834727,0,0.02,True,0.390462,False,1,False
grid,2000,refresh_ratio,motion,waapi,41,0.519422,-0.18,-5.00803e-05,-0.00343558,0.00331891,0.02,True,1,False,1,False
grid,2000,refresh_ratio,raf,waapi,64,0.301973,0.28,1.00167e-05,-9.66711e-05,0.00834727,0.02,True,1,False,1,False
grid,2000,over_budget_ratio,css-keyframes,css-transition,0,0.000130929,-1,-0.477387,-0.649425,-0.446602,0.02,False,0.00170208,True,0.0345654,True
grid,2000,over_budget_ratio,css-keyframes,gsap,55,0.653984,0.1,0,0,0.00167224,0.02,True,1,False,1,False
grid,2000,over_budget_ratio,css-keyframes,motion,33,0.170221,-0.34,-0.00167224,-0.00841751,0,0.02,True,1,False,1,False
grid,2000,over_budget_ratio,css-keyframes,raf,53,0.803722,0.06,0,0,1.70913e-05,0.02,True,1,False,1,False
grid,2000,over_budget_ratio,css-keyframes,waapi,37.5,0.304976,-0.25,0,-0.00677371,0,0.02,True,1,False,1,False
grid,2000,over_budget_ratio,css-transition,gsap,100,0.000110671,1,0.477387,0.446602,0.649425,0.02,False,0.00166006,True,0.0295491,True
grid,2000,over_budget_ratio,css-transition,motion,94,0.00096007,0.88,0.474149,0.406176,0.646075,0.02,False,0.0105608,True,0.233297,False
grid,2000,over_budget_ratio,css-transition,raf,100,0.000110671,1,0.477387,0.436484,0.649425,0.02,False,0.00166006,True,0.0295491,True
grid,2000,over_budget_ratio,css-transition,waapi,100,0.000163049,1,0.476663,0.443252,0.649425,0.02,False,0.00195659,True,0.0423927,True
grid,2000,over_budget_ratio,gsap,motion,27.5,0.0598936,-0.45,-0.00167224,-0.00841751,0,0.02,True,0.598936,False,1,False
grid,2000,over_budget_ratio,gsap,raf,48,0.871151,-0.04,0,0,0,0.02,True,1,False,1,False
grid,2000,over_budget_ratio,gsap,waapi,32,0.120223,-0.36,0,-0.00841751,0,0.02,True,1,False,1,False
grid,2000,over_budget_ratio,motion,raf,66.5,0.171799,0.33,0.00083612,0,0.00841751,0.02,True,1,False,1,False
grid,2000,over_budget_ratio,motion,waapi,54,0.780955,0.08,0,-0.00335008,0.00335008,0.02,True,1,False,1,False
grid,2000,over_budget_ratio,raf,waapi,39,0.351679,-0.22,0,-0.00841751,0,0.02,True,1,False,1,False
grid,2000,p1_fps,css-keyframes,css-transition,100,0.000181651,1,34.4099,28.0071,36.7793,nan,False,0.00258981,True,0.0455944,True
grid,2000,p1_fps,css-keyframes,gsap,30,0.135215,-0.4,-0.150148,-2.48217,5.87619e-12,nan,False,1,False,1,False
grid,2000,p1_fps,css-keyframes,motion,42,0.567529,-0.16,-2.90967e-12,-2.48217,0.786115,nan,False,1,False,1,False
grid,2000,p1_fps,css-keyframes,raf,47,0.848119,-0.06,0,-0.656161,2.76029,nan,False,1,False,1,False
grid,2000,p1_fps,css-keyframes,waapi,42.5,0.595175,-0.15,-5.69855e-12,-2.48217,0.343341,nan,False,1,False,1,False
grid,2000,p1_fps,css-transition,gsap,0,0.000172654,-1,-34.9169,-37.0048,-28.3282,nan,False,0.00258981,True,0.0439488,True
grid,2000,p1_fps,css-transition,motion,9,0.00216852,-0.82,-34.8691,-36.7793,-27.7433,nan,False,0.0238537,True,0.522612,False
grid,2000,p1_fps,css-transition,raf,0,0.000172654,-1,-33.8794,-36.7793,-27.6424,nan,False,0.00258981,True,0.0439488,True
grid,2000,p1_fps,css-transition,waapi,0,0.000181651,-1,-34.8691,-36.7793,-27.6424,nan,False,0.00258981,True,0.0455944,True
grid,2000,p1_fps,gsap,motion,61,0.41701,0.22,1.13687e-13,-0.324675,1.07673,nan,False,1,False,1,False
grid,2000,p1_fps,gsap,raf,62.5,0.348466,0.25,0.00292152,-0.293772,2.76997,nan,False,1,False,1,False
grid,2000,p1_fps,gsap,waapi,59,0.514615,0.18,0.145307,-5.87619e-12,0.668017,nan,False,1,False,1,False
grid,2000,p1_fps,motion,raf,53,0.846888,0.06,0,-0.646477,2.76413,nan,False,1,False,1,False
grid,2000,p1_fps,motion,waapi,47.5,0.878876,-0.05,0,-0.786115,0.645682,nan,False,1,False,1,False
grid,2000,p1_fps,raf,waapi,44,0.673505,-0.12,-5.7625e-12,-2.76413,0.646477,nan,False,1,False,1,False
