scene,technique,complexity,repetition,refresh_rate_hz,frames_in_window,mean_fps,refresh_ratio,over_budget_ratio,p5_fps,p1_fps,max_interval_ms,sd_interval_ms
composite,gsap,100,3,60,598,59.9511,0.999185,0,56.8182,56.4972,17.8,0.479543
composite,raf,500,3,60,599,59.9462,0.999103,0,58.8235,57.1363,17.7,0.228994
composite,css-keyframes,500,9,60,599,59.9504,0.999173,0,58.4795,56.8182,17.7,0.266092
composite,css-transition,100,5,60,598,59.9535,0.999225,0,57.4713,56.8182,17.7,0.322343
composite,motion,100,7,60,598,59.9511,0.999185,0,57.8035,56.4972,17.7,0.309934
composite,css-keyframes,100,6,60,598,59.9487,0.999145,0,57.4713,56.8085,17.7,0.347527
composite,css-keyframes,2000,9,60,599,59.9504,0.999173,0,58.4795,57.1429,17.7,0.239081
composite,gsap,100,1,60,599,59.9504,0.999173,0,57.4713,56.8182,17.7,0.332472
composite,waapi,2000,6,60,599,59.9504,0.999173,0,58.1395,56.8182,17.7,0.294604
composite,motion,2000,1,60,585,58.5498,0.975829,0.0239316,56.8182,29.9401,34.3,2.5904
composite,gsap,2000,9,60,599,59.9504,0.999173,0,58.4795,56.8182,17.8,0.261912
composite,waapi,500,7,60,599,59.951,0.999183,0,57.8035,56.8182,17.8,0.307181
composite,css-transition,2000,2,60,338,33.9422,0.565704,0.745562,29.3255,20,50.1,7.81092
composite,gsap,2000,7,60,599,59.9504,0.999173,0,58.4795,57.1429,17.7,0.232629
composite,css-transition,100,6,60,598,59.9511,0.999185,0,58.1395,56.8182,17.7,0.267525
composite,css-keyframes,500,4,60,599,59.9468,0.999113,0,59.5238,56.8182,17.7,0.213602
composite,css-keyframes,100,9,60,598,59.9493,0.999155,0,57.8035,56.8182,17.7,0.313859
composite,css-transition,100,4,60,598,59.9505,0.999175,0,57.4713,56.8182,17.8,0.332649
composite,css-transition,500,3,60,598,59.9511,0.999185,0,57.8035,56.4972,17.7,0.293158
composite,raf,2000,9,60,598,59.9505,0.999175,0,58.8235,57.1429,17.7,0.216416
composite,motion,500,5,60,599,59.951,0.999183,0,57.8035,56.8182,17.7,0.280788
composite,css-transition,2000,1,60,352,35.2886,0.588143,0.659091,29.2013,19.9601,50.2,8.96038
composite,gsap,500,5,60,598,59.9493,0.999155,0,58.4795,56.8182,17.7,0.249585
composite,gsap,500,0,60,599,59.951,0.999183,0,59.1716,56.8182,17.7,0.232507
composite,gsap,500,2,60,598,59.9505,0.999175,0,58.4795,56.8182,17.8,0.27099
composite,motion,500,8,60,599,59.9516,0.999193,0,58.4795,57.1429,17.7,0.21882
composite,raf,100,3,60,599,59.9498,0.999163,0,56.8182,56.4972,17.7,0.425436
composite,waapi,100,8,60,599,59.9486,0.999143,0,57.4713,56.8182,17.7,0.334881
composite,waapi,500,5,60,599,59.9504,0.999173,0,58.1058,56.8182,17.8,0.297878
composite,css-keyframes,2000,7,60,596,59.6507,0.994178,0.00503356,57.1429,56.8182,32.9,1.17904
composite,css-keyframes,2000,3,60,596,59.6507,0.994178,0.00503356,57.1429,56.8182,34.1,1.25136
composite,css-keyframes,100,0,60,598,59.9499,0.999165,0,57.4713,56.8182,17.7,0.319534
composite,css-keyframes,500,8,60,599,59.951,0.999183,0,59.5238,57.1429,17.7,0.195636
composite,motion,2000,7,60,599,59.9564,0.999273,0,58.4795,56.8182,17.8,0.252879
composite,raf,500,2,60,599,59.9456,0.999093,0,58.4795,56.8182,17.7,0.243894
composite,waapi,2000,5,60,598,59.8503,0.997505,0.00167224,58.7717,57.1331,32.8,0.697925
composite,gsap,2000,4,60,599,59.9504,0.999173,0,58.1395,56.8182,17.7,0.286781
composite,css-keyframes,500,7,60,599,59.957,0.999283,0,58.8235,56.4972,17.8,0.267487
composite,css-transition,500,8,60,599,59.9444,0.999073,0,56.8182,56.4972,17.8,0.422088
composite,css-transition,500,1,60,598,59.9505,0.999175,0,58.8235,56.8182,17.7,0.243787
composite,gsap,100,2,60,598,59.9505,0.999175,0,57.8035,56.8182,17.7,0.288765
composite,css-transition,100,0,60,599,59.9504,0.999173,0,57.4713,56.8182,17.7,0.326227
composite,motion,500,0,60,598,59.9511,0.999185,0,58.4795,56.8182,17.7,0.260418
composite,gsap,100,4,60,599,59.951,0.999183,0,57.7701,56.8182,17.7,0.303567
composite,css-keyframes,500,2,60,598,59.9511,0.999185,0,59.5238,56.8182,17.7,0.212298
composite,gsap,500,9,60,598,59.9505,0.999175,0,57.4713,56.8182,17.7,0.316072
composite,motion,100,5,60,599,59.951,0.999183,0,57.8035,56.8182,17.7,0.297502
composite,waapi,500,4,60,599,59.9504,0.999173,0,58.8235,57.1363,17.7,0.232197
composite,gsap,500,3,60,599,59.9516,0.999193,0,59.1716,56.8182,17.8,0.221101
composite,css-keyframes,500,0,60,599,59.9498,0.999163,0,58.8235,57.1429,17.7,0.23582
composite,css-keyframes,500,3,60,599,59.951,0.999183,0,59.1366,56.8182,17.7,0.239661
composite,css-keyframes,2000,8,60,599,59.951,0.999183,0,59.1716,57.1363,17.7,0.232651
composite,css-transition,500,0,60,599,59.951,0.999183,0,58.7889,57.1429,17.7,0.230847
composite,raf,100,2,60,599,59.9504,0.999173,0,57.4713,56.8182,17.7,0.324067
composite,raf,2000,8,60,599,59.9504,0.999173,0,59.5238,57.1363,17.7,0.209401
composite,waapi,500,1,60,599,59.9504,0.999173,0,59.1716,56.8182,17.7,0.227174
composite,gsap,2000,1,60,599,59.9456,0.999093,0,58.1395,56.8182,17.8,0.270178
composite,motion,500,6,60,599,59.9504,0.999173,0,59.5238,57.1429,17.6,0.171661
composite,raf,2000,5,60,599,59.951,0.999183,0,58.7889,56.8182,17.7,0.234155
composite,gsap,500,8,60,599,59.9504,0.999173,0,57.8035,56.8182,17.6,0.286723
composite,waapi,2000,3,60,599,59.951,0.999183,0,58.8235,57.1429,17.8,0.225571
composite,raf,100,0,60,599,59.951,0.999183,0,58.1395,56.8182,17.7,0.299463
composite,css-transition,2000,8,60,360,36.0303,0.600504,0.647222,29.5858,19.9836,50.2,8.4561
composite,css-transition,2000,6,60,322,32.2271,0.537118,0.773292,20,19.8039,84.2,9.4397
composite,motion,2000,4,60,593,59.3469,0.989115,0.010118,58.1395,52.9549,33.8,1.69507
composite,waapi,2000,2,60,599,59.951,0.999183,0,58.7889,57.1363,17.7,0.242022
composite,motion,500,9,60,599,59.9504,0.999173,0,59.5238,57.1429,17.7,0.198748
composite,css-keyframes,100,4,60,599,59.951,0.999183,0,57.7701,56.8182,17.7,0.332387
composite,css-transition,100,9,60,598,59.9505,0.999175,0,58.4795,56.8182,17.7,0.258008
composite,motion,100,8,60,598,59.9505,0.999175,0,58.4795,56.8182,17.7,0.262896
composite,raf,100,5,60,598,59.9487,0.999145,0,58.4795,57.1331,17.7,0.249162
composite,css-transition,100,1,60,599,59.9468,0.999113,0,57.4713,56.8182,23.4,0.518172
composite,gsap,500,4,60,599,59.951,0.999183,0,58.1395,56.8182,17.7,0.276588
composite,css-transition,500,9,60,598,59.9505,0.999175,0,57.1429,56.8182,17.8,0.378972
composite,css-transition,500,4,60,599,59.9522,0.999203,0,57.1429,56.4972,17.7,0.358694
composite,raf,2000,3,60,599,59.9462,0.999103,0,57.8035,56.8182,17.7,0.320529
composite,waapi,500,8,60,599,59.9504,0.999173,0,58.4454,56.8182,17.7,0.269899
composite,raf,500,0,60,598,59.9505,0.999175,0,58.8235,57.1331,17.7,0.229489
composite,css-transition,500,2,60,598,59.9511,0.999185,0,58.1395,56.8182,17.7,0.263297
composite,raf,500,6,60,598,59.9505,0.999175,0,59.5238,56.8182,17.7,0.22139
composite,gsap,500,7,60,599,59.951,0.999183,0,58.7889,57.1429,17.7,0.234512
composite,raf,100,1,60,598,59.9463,0.999104,0,57.8035,56.8182,17.7,0.30473
composite,css-transition,100,2,60,598,59.9505,0.999175,0,57.8035,56.8182,17.7,0.311104
composite,css-keyframes,500,1,60,599,59.9552,0.999253,0,57.1429,54.3478,18.7,0.444116
composite,gsap,100,8,60,598,59.9511,0.999185,0,58.1395,57.1429,17.6,0.250985
composite,raf,2000,7,60,599,59.9498,0.999163,0,58.1395,56.8182,17.7,0.256212
composite,css-transition,2000,7,60,346,34.6871,0.578118,0.693642,29.4118,19.9601,50.3,8.61402
composite,gsap,2000,2,60,599,59.9504,0.999173,0,59.1716,57.1429,17.7,0.210516
composite,motion,100,1,60,599,59.9498,0.999163,0,57.8035,56.8182,17.7,0.300433
composite,css-transition,2000,4,60,349,35.0468,0.584114,0.687679,29.5858,20,50,8.35829
composite,waapi,500,6,60,599,59.9504,0.999173,0,59.1366,57.1429,17.7,0.217931
composite,waapi,500,3,60,599,59.951,0.999183,0,59.4884,56.8117,17.7,0.227417
composite,gsap,100,7,60,599,59.9474,0.999123,0,57.8035,56.8182,17.7,0.282637
composite,css-keyframes,2000,0,60,599,59.9444,0.999073,0,56.1798,54.0541,18.7,0.538204
composite,motion,2000,6,60,599,59.9414,0.999023,0,56.1482,54.0482,18.7,0.563147
composite,gsap,2000,0,60,599,59.951,0.999183,0,58.1058,56.8182,17.8,0.290449
composite,raf,500,9,60,599,59.9504,0.999173,0,57.4713,56.4972,17.8,0.311812
composite,raf,500,1,60,599,59.951,0.999183,0,59.1366,56.8182,17.7,0.246336
composite,css-transition,2000,3,60,348,34.8296,0.580493,0.681034,29.3255,19.9601,51,8.86138
composite,motion,500,4,60,599,59.951,0.999183,0,59.1366,56.8182,17.7,0.226754
composite,css-keyframes,100,3,60,599,59.9546,0.999243,0,57.8035,56.8182,17.7,0.313954
composite,css-keyframes,2000,5,60,592,59.2444,0.987407,0.0118243,56.9963,30.03,34.2,1.85311
composite,motion,500,1,60,599,59.9504,0.999173,0,58.8235,57.1363,17.7,0.231837
composite,waapi,100,1,60,598,59.9505,0.999175,0,57.4713,56.8182,17.7,0.340807
composite,waapi,500,0,60,599,59.9504,0.999173,0,58.4795,56.8182,17.7,0.241724
composite,css-keyframes,100,8,60,598,59.9511,0.999185,0,57.4713,56.8182,17.7,0.338454
composite,css-transition,100,8,60,598,59.9481,0.999135,0,57.8035,56.4972,17.7,0.317804
composite,gsap,500,6,60,598,59.9505,0.999175,0,58.1395,56.8182,17.7,0.281659
composite,css-transition,500,5,60,599,59.951,0.999183,0,58.4795,56.8182,17.8,0.255598
composite,raf,100,9,60,599,59.951,0.999183,0,57.8035,56.4972,17.7,0.297165
composite,css-keyframes,100,7,60,598,59.9505,0.999175,0,57.4713,56.8182,17.7,0.324027
composite,motion,100,0,60,598,59.9553,0.999255,0,57.8035,56.8182,17.8,0.299493
composite,raf,500,5,60,599,59.9504,0.999173,0,58.4795,56.8182,17.7,0.260439
composite,gsap,2000,6,60,599,59.951,0.999183,0,57.8035,56.8182,17.7,0.295019
composite,gsap,500,1,60,599,59.951,0.999183,0,59.5238,57.4647,17.8,0.176398
composite,motion,100,4,60,598,59.9511,0.999185,0,57.7534,56.8182,17.7,0.328611
composite,css-keyframes,500,5,60,599,59.951,0.999183,0,59.1366,56.8182,17.8,0.237347
composite,waapi,2000,4,60,599,59.951,0.999183,0,58.8235,57.1363,17.7,0.233512
composite,waapi,100,9,60,598,59.9397,0.998994,0,54.6448,53.7634,18.7,0.82969
composite,css-keyframes,100,5,60,598,59.9505,0.999175,0,55.2029,54.3478,18.5,0.72961
composite,motion,500,2,60,599,59.9504,0.999173,0,56.4653,54.0541,18.7,0.536777
composite,waapi,2000,0,60,599,59.9516,0.999193,0,56.7859,54.0482,18.7,0.538041
composite,motion,2000,5,60,599,59.9582,0.999303,0,55.8659,53.7634,18.7,0.595661
composite,gsap,2000,5,60,599,59.942,0.999033,0,55.5556,54.0482,18.7,0.636636
composite,motion,2000,0,60,599,59.951,0.999183,0,55.2486,53.7634,18.7,0.638072
composite,css-transition,2000,9,60,349,34.9304,0.582173,0.664756,23.2992,19.9187,50.8,9.24469
composite,waapi,500,9,60,599,59.951,0.999183,0,55.5556,54.0482,18.8,0.602708
composite,raf,100,4,60,599,59.9606,0.999343,0,54.9451,53.7634,18.8,0.798954
composite,css-keyframes,2000,1,60,599,59.9396,0.998993,0,55.8659,54.0482,18.7,0.600677
composite,css-transition,100,7,60,599,59.951,0.999183,0,55.5556,54.0541,18.7,0.633681
composite,gsap,2000,3,60,599,59.951,0.999183,0,56.1798,54.0541,18.6,0.530708
composite,css-keyframes,100,1,60,599,59.9474,0.999123,0,54.6448,53.7634,18.7,0.823942
composite,waapi,100,6,60,599,59.9516,0.999193,0,55.2181,53.7634,18.7,0.729953
composite,raf,100,8,60,598,59.9445,0.999074,0,54.6448,54.0541,18.6,0.799726
composite,css-keyframes,2000,2,60,599,59.9606,0.999343,0,56.1482,54.0482,18.6,0.566631
composite,motion,2000,2,60,599,59.9504,0.999173,0,56.1798,53.7634,18.7,0.595329
composite,waapi,2000,8,60,599,59.9576,0.999293,0,55.8347,54.0482,18.7,0.578361
composite,waapi,100,2,60,599,59.9504,0.999173,0,54.9451,54.0541,18.7,0.808919
composite,css-keyframes,100,2,60,598,59.9499,0.999165,0,54.6448,53.7634,18.7,0.774634
composite,css-transition,500,6,60,598,59.9505,0.999175,0,54.9451,53.7634,18.7,0.752574
composite,raf,100,7,60,598,59.9577,0.999295,0,54.6448,53.7634,18.7,0.78837
composite,raf,100,6,60,598,59.9625,0.999375,0,55.8659,54.0453,18.6,0.680029
composite,waapi,2000,1,60,599,59.9498,0.999163,0,55.8659,54.6329,18.7,0.577382
composite,raf,500,7,60,599,59.951,0.999183,0,56.1482,54.0541,18.7,0.546114
composite,motion,100,6,60,599,59.9504,0.999173,0,54.6448,53.7634,18.7,0.80865
composite,css-transition,100,3,60,598,59.9511,0.999185,0,54.6448,53.7634,18.7,0.787749
composite,waapi,100,4,60,598,59.9505,0.999175,0,54.9451,53.7634,18.7,0.732359
composite,gsap,100,0,60,598,59.9517,0.999195,0,54.9451,53.7634,18.7,0.80152
composite,motion,500,3,60,599,59.9516,0.999193,0,55.2486,54.0541,18.7,0.623205
composite,motion,500,7,60,598,59.9511,0.999185,0,56.1325,53.7634,18.8,0.595414
composite,motion,100,3,60,598,59.9535,0.999225,0,55.2486,54.0541,18.6,0.715199
composite,raf,2000,1,60,599,59.9408,0.999013,0,54.9451,53.7634,18.7,0.695446
composite,gsap,100,5,60,599,59.9588,0.999313,0,54.9451,53.7634,18.7,0.785214
composite,motion,2000,3,60,599,59.9564,0.999273,0,55.8347,53.7634,18.7,0.642373
composite,raf,500,4,60,599,59.9576,0.999293,0,55.8659,54.0482,18.7,0.591767
composite,waapi,2000,9,60,598,59.9511,0.999185,0,55.8659,53.7634,18.7,0.598053
composite,css-keyframes,2000,4,60,598,59.8389,0.997315,0.00167224,55.5556,53.7634,31.8,0.880603
composite,raf,2000,0,60,599,59.9384,0.998973,0,55.5556,53.7634,18.7,0.602132
composite,css-transition,500,7,60,598,59.9511,0.999185,0,54.9451,53.7634,18.6,0.696061
composite,motion,100,9,60,599,59.951,0.999183,0,54.9451,53.7634,18.7,0.77495
composite,waapi,2000,7,60,599,59.9504,0.999173,0,55.8659,54.3419,18.6,0.602505
composite,raf,2000,4,60,599,59.9504,0.999173,0,54.9451,53.7634,18.7,0.650908
composite,waapi,100,5,60,599,59.9612,0.999353,0,54.9451,53.7634,18.7,0.771336
composite,css-transition,2000,0,60,358,35.8305,0.597174,0.636872,28.6287,20,50.8,8.95902
composite,gsap,2000,8,60,599,59.951,0.999183,0,55.8659,54.0482,18.7,0.624831
composite,motion,2000,9,60,598,59.9619,0.999365,0,55.5556,53.7634,18.7,0.633052
composite,waapi,500,2,60,598,59.9529,0.999215,0,58.8235,56.8182,17.7,0.2287
composite,raf,2000,2,60,599,59.9504,0.999173,0,59.1716,57.1429,17.7,0.219765
composite,css-keyframes,500,6,60,599,59.951,0.999183,0,58.8235,56.8182,17.7,0.239382
composite,motion,100,2,60,598,59.9511,0.999185,0,57.8035,56.8182,21.4,0.404843
composite,raf,2000,6,60,599,59.951,0.999183,0,58.4795,56.8182,17.8,0.262186
composite,css-transition,2000,5,60,355,35.5298,0.592164,0.670423,29.6736,20,50.5,8.3187
composite,motion,2000,8,60,598,59.9511,0.999185,0,58.1395,56.8182,17.8,0.266961
composite,waapi,100,0,60,599,59.951,0.999183,0,57.4713,56.8182,17.7,0.336288
composite,gsap,100,9,60,599,59.9504,0.999173,0,58.1395,56.8182,17.7,0.293011
composite,gsap,100,6,60,598,59.9511,0.999185,0,55.2029,54.0453,18.6,0.774367
composite,raf,500,8,60,599,59.951,0.999183,0,55.2486,53.7577,18.7,0.645809
composite,waapi,100,7,60,599,59.9504,0.999173,0,55.2486,53.7634,18.7,0.711306
composite,waapi,100,3,60,598,59.9601,0.999335,0,54.8998,53.7634,18.7,0.795795
composite,css-keyframes,2000,6,60,599,59.9504,0.999173,0,56.8182,54.3478,18.7,0.502272
grid,gsap,100,3,60,599,60.0056,1.00009,0,58.1395,56.8182,17.7,0.297033
grid,raf,500,3,60,599,59.9996,0.999993,0,57.8035,56.8182,17.7,0.303901
grid,css-keyframes,500,9,60,599,60.0002,1,0,57.4713,56.4972,17.7,0.322646
grid,css-transition,100,5,60,599,59.996,0.999933,0,56.8182,56.4972,17.7,0.456664
grid,motion,100,7,60,599,60.0002,1,0,56.8182,56.4972,17.7,0.468849
grid,css-keyframes,100,6,60,599,60.0002,1,0,56.8182,56.4972,17.7,0.431247
grid,css-keyframes,2000,9,60,599,60.0002,1,0,58.1058,56.8182,17.6,0.308444
grid,gsap,100,1,60,599,60.0002,1,0,57.7701,56.8182,17.7,0.322232
grid,waapi,2000,6,60,599,59.9996,0.999993,0,58.1058,56.8182,17.7,0.291659
grid,motion,2000,1,60,599,59.9966,0.999943,0,57.4713,56.8182,17.7,0.357555
grid,gsap,2000,9,60,599,60.0002,1,0,58.1058,56.8182,17.7,0.308389
grid,waapi,500,7,60,599,60.0002,1,0,55.2486,54.0541,18.7,0.724225
grid,css-transition,2000,2,60,391,39.2913,0.654856,0.514066,28.6533,20.7814,50,8.52611
grid,gsap,2000,7,60,600,60.0006,1.00001,0,55.2334,53.7634,18.8,0.659079
grid,css-transition,100,6,60,599,59.999,0.999983,0,54.9451,54.0541,18.7,0.729509
grid,css-keyframes,500,4,60,599,60.0026,1.00004,0,55.2486,54.0482,18.7,0.799859
grid,css-keyframes,100,9,60,599,59.9984,0.999973,0,54.6448,53.7634,18.7,0.864249
grid,css-transition,100,4,60,599,59.9966,0.999943,0,54.9451,53.7634,18.7,0.828235
grid,css-transition,500,3,60,599,60.0008,1.00001,0,54.9451,54.0541,18.6,0.762933
grid,raf,2000,9,60,599,60.0002,1,0,55.8659,54.0482,18.7,0.62961
grid,motion,500,5,60,599,60.0056,1.00009,0,55.5556,54.0482,18.7,0.629541
grid,css-transition,2000,1,60,421,42.312,0.7052,0.406176,29.2398,21.9491,51.1,8.60952
grid,gsap,500,5,60,599,60.0008,1.00001,0,55.8347,53.7634,18.7,0.628498
grid,gsap,500,0,60,599,60.0008,1.00001,0,55.2486,54.0482,18.7,0.714208
grid,gsap,500,2,60,600,60.006,1.0001,0,55.5556,54.0541,18.7,0.636619
grid,motion,500,8,60,599,60.0014,1.00002,0,55.5556,53.7634,18.7,0.663903
grid,raf,100,3,60,599,60.0086,1.00014,0,54.3478,53.7634,18.7,0.967443
grid,waapi,100,8,60,598,60.0124,1.00021,0,54.6448,53.7634,18.7,0.833421
grid,waapi,500,5,60,599,60.0002,1,0,55.2486,54.0541,18.7,0.654943
grid,css-keyframes,2000,7,60,599,60.0032,1.00005,0,56.1798,54.336,18.7,0.580636
grid,css-keyframes,2000,3,60,599,60.0002,1,0,54.9451,53.7634,18.7,0.690005
grid,css-keyframes,100,0,60,599,60.0002,1,0,54.3183,53.4759,18.7,0.851157
grid,css-keyframes,500,8,60,599,60.0074,1.00012,0,54.6448,53.7577,18.7,0.764021
grid,motion,2000,7,60,599,59.9996,0.999993,0,56.4972,53.7634,18.6,0.55703
grid,raf,500,2,60,599,60.008,1.00013,0,55.8347,54.0482,18.7,0.616513
grid,waapi,2000,5,60,599,60.0002,1,0,54.9451,53.7634,18.7,0.681642
grid,gsap,2000,4,60,599,60.0002,1,0,54.9451,54.0541,18.7,0.666635
grid,css-keyframes,500,7,60,599,59.9918,0.999863,0,54.6448,53.7634,18.6,0.730834
grid,css-transition,500,8,60,599,60.0002,1,0,54.9149,53.7634,18.7,0.746511
grid,css-transition,500,1,60,599,60.0008,1.00001,0,54.9451,53.7634,18.8,0.758426
grid,gsap,100,2,60,599,59.9912,0.999853,0,54.0541,53.7634,18.7,1.02412
grid,css-transition,100,0,60,599,59.9948,0.999913,0,54.6448,53.7634,18.7,0.807491
grid,motion,500,0,60,599,60.0002,1,0,54.9451,54.0541,18.6,0.695196
grid,gsap,100,4,60,599,59.9966,0.999943,0,55.2486,54.0482,18.7,0.746823
grid,css-keyframes,500,2,60,599,60.005,1.00008,0,55.2486,54.3478,18.6,0.787483
grid,gsap,500,9,60,599,59.9984,0.999973,0,54.9451,53.4759,18.8,0.777809
grid,motion,100,5,60,599,60.0002,1,0,54.9451,54.0541,18.7,0.840043
grid,waapi,500,4,60,599,60.0002,1,0,56.8182,53.7634,18.7,0.526191
grid,gsap,500,3,60,599,60.0008,1.00001,0,56.4972,54.0541,18.6,0.545881
grid,css-keyframes,500,0,60,599,60.0008,1.00001,0,55.8659,54.0541,18.7,0.552912
grid,css-keyframes,500,3,60,599,60.0002,1,0,55.5556,53.7634,18.7,0.667362
grid,css-keyframes,2000,8,60,598,59.9,0.998334,0.00167224,55.2486,53.7634,35.3,1.00075
grid,css-transition,500,0,60,599,59.9984,0.999973,0,55.2181,53.7634,18.7,0.663025
grid,raf,100,2,60,598,60.0004,1.00001,0,54.6448,53.7634,18.8,0.864381
grid,raf,2000,8,60,599,60.011,1.00018,0,56.4972,54.3478,18.7,0.54464
grid,waapi,500,1,60,599,60.0008,1.00001,0,54.6448,53.7634,18.8,0.858457
grid,gsap,2000,1,60,599,60.0002,1,0,56.1798,53.7634,18.6,0.592727
grid,motion,500,6,60,599,60.0008,1.00001,0,54.9149,53.4759,18.7,0.717082
grid,raf,2000,5,60,599,60.0002,1,0,55.2486,54.0541,18.7,0.779795
grid,gsap,500,8,60,599,60.0002,1,0,56.1798,54.3419,18.7,0.544004
grid,waapi,2000,3,60,597,59.8005,0.996674,0.00335008,55.2486,53.7634,34.3,1.1553
grid,raf,100,0,60,599,60.0044,1.00007,0,54.615,53.7634,18.7,0.830516
grid,css-transition,2000,8,60,412,41.3377,0.688961,0.446602,29.3255,28.49,50.1,8.46016
grid,css-transition,2000,6,60,286,28.7437,0.479062,0.923077,19.97,18.7988,66.8,8.40204
grid,motion,2000,4,60,599,59.9966,0.999943,0,58.4795,56.8182,17.8,0.267566
grid,waapi,2000,2,60,594,59.4994,0.991656,0.00841751,57.3559,56.4748,34.3,1.55604
grid,motion,500,9,60,599,60.0002,1,0,58.4795,56.8182,17.7,0.277869
grid,css-keyframes,100,4,60,599,60.0002,1,0,57.1102,56.4972,17.7,0.42259
grid,css-transition,100,9,60,599,59.9996,0.999993,0,57.1429,56.4972,17.8,0.388568
grid,motion,100,8,60,599,59.9954,0.999923,0,57.1429,56.4972,18.3,0.374846
grid,raf,100,5,60,599,60.0008,1.00001,0,57.4383,56.8117,19.5,0.403901
grid,css-transition,100,1,60,599,60.0002,1,0,58.1058,56.8182,17.7,0.298301
grid,gsap,500,4,60,599,60.0002,1,0,58.1395,56.8182,17.8,0.289019
grid,css-transition,500,9,60,599,60.0002,1,0,58.1058,56.8182,17.7,0.282169
grid,css-transition,500,4,60,599,60.0002,1,0,57.4713,56.8182,17.7,0.38259
grid,raf,2000,3,60,599,60.0002,1,0,58.4795,56.8182,17.8,0.255548
grid,waapi,500,8,60,599,60.0014,1.00002,0,57.8035,57.1363,17.7,0.296069
grid,raf,500,0,60,599,59.996,0.999933,0,57.8035,56.8182,17.7,0.321181
grid,css-transition,500,2,60,599,59.9996,0.999993,0,58.1395,56.8182,17.7,0.282336
grid,raf,500,6,60,599,60.0002,1,0,58.4795,57.1363,17.8,0.26322
grid,gsap,500,7,60,599,60.0002,1,0,58.1395,56.8182,17.6,0.276481
grid,raf,100,1,60,599,59.9996,0.999993,0,57.4713,56.8182,17.7,0.321183
grid,css-transition,100,2,60,599,60.0008,1.00001,0,57.8035,56.8182,17.7,0.328307
grid,css-keyframes,500,1,60,599,60.0002,1,0,58.1058,56.8182,17.7,0.29327
grid,gsap,100,8,60,599,60.0002,1,0,57.1429,56.8182,20.5,0.412822
grid,raf,2000,7,60,599,60.0002,1,0,58.4795,56.8182,17.7,0.257828
grid,css-transition,2000,7,60,398,40.066,0.667767,0.477387,29.5727,20.0389,50.7,8.97525
grid,gsap,2000,2,60,598,59.9,0.998334,0.00167224,57.8035,56.8182,32.5,0.713488
grid,motion,100,1,60,599,60.0002,1,0,57.8035,56.8117,17.8,0.317895
grid,css-transition,2000,4,60,407,40.7681,0.679468,0.461916,29.6121,29.0748,50.6,8.63114
grid,waapi,500,6,60,599,59.999,0.999983,0,58.4795,56.8182,17.7,0.250503
grid,waapi,500,3,60,599,60.0002,1,0,57.7701,56.8182,17.8,0.313978
grid,gsap,100,7,60,598,60.001,1.00002,0,57.4713,56.8182,17.7,0.402118
grid,css-keyframes,2000,0,60,598,59.897,0.998284,0.00167224,58.1395,56.8085,33.4,0.753292
grid,motion,2000,6,60,598,59.9,0.998334,0.00167224,58.4795,57.1429,33.7,0.738657
grid,gsap,2000,0,60,599,59.9996,0.999993,0,58.4795,56.8182,17.7,0.257038
grid,raf,500,9,60,599,60.0002,1,0,55.2486,54.0482,18.7,0.664096
grid,raf,500,1,60,599,60.0116,1.00019,0,55.8036,53.7634,18.7,0.640403
grid,css-transition,2000,3,60,402,40.2668,0.671114,0.477612,29.7619,20.3046,50,8.72127
grid,motion,500,4,60,599,60.0002,1,0,57.4383,56.4972,17.8,0.423341
grid,css-keyframes,100,3,60,599,60.0002,1,0,57.7701,56.8182,22.4,0.49616
grid,css-keyframes,2000,5,60,599,60.0002,1,0,58.1395,56.8182,17.7,0.272767
grid,motion,500,1,60,599,60.0002,1,0,57.8035,56.8182,17.7,0.305776
grid,waapi,100,1,60,599,60.0002,1,0,57.4713,56.8182,17.7,0.350232
grid,waapi,500,0,60,599,60.0038,1.00006,0,58.1395,56.8182,17.7,0.275267
grid,css-keyframes,100,8,60,599,59.9996,0.999993,0,57.4713,56.8182,17.8,0.348021
grid,css-transition,100,8,60,599,59.9954,0.999923,0,57.4713,56.8182,20.2,0.373818
grid,gsap,500,6,60,599,59.9996,0.999993,0,57.4713,56.8182,17.7,0.363945
grid,css-transition,500,5,60,599,59.9996,0.999993,0,57.4383,56.4972,17.7,0.356565
grid,raf,100,9,60,599,60.0002,1,0,57.7701,56.4972,17.9,0.344309
grid,css-keyframes,100,7,60,599,59.9954,0.999923,0,57.4713,56.8182,17.7,0.362923
grid,motion,100,0,60,599,60.0026,1.00004,0.00166945,57.7701,56.4972,25.4,0.59671
grid,raf,500,5,60,599,59.9966,0.999943,0,58.1058,56.8182,17.7,0.291093
grid,gsap,2000,6,60,599,60.0002,1,0,58.4795,56.8182,17.7,0.270365
grid,gsap,500,1,60,599,60.0038,1.00006,0,58.1395,57.1429,17.6,0.297289
grid,motion,100,4,60,599,60.0002,1,0,57.4713,56.4972,17.8,0.361741
grid,css-keyframes,500,5,60,599,60.0002,1,0,58.1395,56.8182,17.7,0.286287
grid,waapi,2000,4,60,592,59.3038,0.988396,0.00844595,58.1395,56.8182,50.1,2.26406
grid,waapi,100,9,60,599,59.9996,0.999993,0,57.4383,56.8182,17.7,0.357922
grid,css-keyframes,100,5,60,599,60.0002,1,0,57.4713,56.8182,17.7,0.362987
grid,motion,500,2,60,599,60.0002,1,0,58.4795,57.1429,17.7,0.248447
grid,waapi,2000,0,60,600,60.006,1.0001,0,58.1226,56.8182,17.7,0.316452
grid,motion,2000,5,60,594,59.4994,0.991656,0.00841751,57.3559,56.4972,33.7,1.54869
grid,gsap,2000,5,60,597,59.7999,0.996664,0.00335008,57.8035,56.8182,34.3,1.03308
grid,motion,2000,0,60,598,59.9054,0.998424,0.00167224,58.1395,56.8182,34,0.761589
grid,css-transition,2000,9,60,348,34.9163,0.581938,0.649425,20.2573,19.8134,67.6,9.93906
grid,waapi,500,9,60,599,59.9996,0.999993,0,56.8182,56.4972,17.7,0.527233
grid,raf,100,4,60,599,59.999,0.999983,0,57.4713,56.4972,17.7,0.362234
grid,css-keyframes,2000,1,60,599,60.0008,1.00001,0,57.4713,56.4972,17.7,0.332608
grid,css-transition,100,7,60,599,60.0032,1.00005,0,57.4713,56.8182,17.6,0.312954
grid,gsap,2000,3,60,599,60.0002,1,0,58.4795,57.1429,17.6,0.238558
grid,css-keyframes,100,1,60,599,60.0008,1.00001,0,58.1058,56.8182,17.8,0.298927
grid,waapi,100,6,60,599,60.0008,1.00001,0,57.8035,56.4972,17.7,0.319164
grid,raf,100,8,60,599,60.0002,1,0,58.8235,56.8182,17.8,0.243003
grid,css-keyframes,2000,2,60,592,59.2996,0.988327,0.0101351,57.8035,52.4934,50.2,2.07908
grid,motion,2000,2,60,593,59.3992,0.989987,0.010118,57.8035,52.9773,34.3,1.72012
grid,waapi,2000,8,60,580,58.1017,0.968361,0.0293103,56.4972,29.9401,50.2,3.28651
grid,waapi,100,2,60,599,60.0002,1,0,56.8182,56.4972,17.7,0.551362
grid,css-keyframes,100,2,60,599,60.0002,1,0,56.8182,56.4972,17.7,0.423697
grid,css-transition,500,6,60,599,60.0002,1,0,58.1395,56.8182,17.7,0.282169
grid,raf,100,7,60,599,60.0002,1,0,57.1429,56.8182,17.7,0.39294
grid,raf,100,6,60,599,60.0002,1,0,57.4383,56.4972,17.7,0.390464
grid,waapi,2000,1,60,599,60.0002,1,0,57.8035,56.8182,17.7,0.275876
grid,raf,500,7,60,599,60.0002,1,0,57.8035,56.8182,17.8,0.291841
grid,motion,100,6,60,599,59.9996,0.999993,0,57.4713,56.8182,17.7,0.364863
grid,css-transition,100,3,60,599,60.0002,1,0,57.4383,56.4972,17.7,0.393493
grid,waapi,100,4,60,599,60.0002,1,0,57.4713,56.8182,17.8,0.351186
grid,gsap,100,0,60,599,59.9996,0.999993,0,57.8035,56.8182,17.7,0.299188
grid,motion,500,3,60,599,60.0008,1.00001,0,58.8235,57.1429,17.7,0.224635
grid,motion,500,7,60,599,60.0002,1,0,58.8235,57.1429,17.7,0.236587
grid,motion,100,3,60,599,60.0002,1,0,58.1395,57.1363,17.7,0.270303
grid,raf,2000,1,60,599,60.0002,1,0,59.5238,57.4647,17.7,0.198877
grid,gsap,100,5,60,599,60.0008,1.00001,0,57.4383,56.8182,17.9,0.401201
grid,motion,2000,3,60,597,59.7999,0.996664,0.00335008,57.8035,56.8182,33.4,1.00236
grid,raf,500,4,60,599,59.9996,0.999993,0,58.1395,56.8182,17.7,0.280017
grid,waapi,2000,9,60,598,59.9,0.998334,0.00167224,57.8035,56.4972,33.2,0.735521
grid,css-keyframes,2000,4,60,599,59.9996,0.999993,0,58.4454,56.8182,17.7,0.260591
grid,raf,2000,0,60,599,60.0002,1,0,58.4795,56.8182,17.7,0.25179
grid,css-transition,500,7,60,599,60.0008,1.00001,0,57.8035,56.8182,17.7,0.277156
grid,motion,100,9,60,599,60.0002,1,0,57.8035,56.8182,17.8,0.32569
grid,waapi,2000,7,60,599,59.9996,0.999993,0,58.8235,56.8182,17.7,0.254225
grid,raf,2000,4,60,593,59.3992,0.989987,0.010118,57.4713,52.9549,34.4,1.70524
grid,waapi,100,5,60,599,60.0008,1.00001,0,57.8035,56.8182,17.7,0.321357
grid,css-transition,2000,0,60,426,42.7428,0.712379,0.396714,29.9401,29.1758,50.7,8.42898
grid,gsap,2000,8,60,599,59.9996,0.999993,0,59.1716,57.1363,17.7,0.22896
grid,motion,2000,9,60,599,60.0002,1,0,59.1716,56.8182,17.7,0.242452
grid,waapi,500,2,60,599,60.0008,1.00001,0,58.4795,56.4972,17.7,0.281407
grid,raf,2000,2,60,599,60.0002,1,0,58.1058,56.8182,17.7,0.298469
grid,css-keyframes,500,6,60,597,59.7999,0.996664,0.00167504,57.7367,56.8182,50.5,1.43497
grid,motion,100,2,60,599,60.002,1.00003,0,56.8182,56.4972,17.8,0.523402
grid,raf,2000,6,60,562,56.2991,0.938318,0.0587189,30.125,29.2065,49.9,4.60891
grid,css-transition,2000,5,60,208,20.8693,0.347821,0.990385,14.9701,11.8785,166,16.1286
grid,motion,2000,8,60,381,38.103,0.635051,0.498688,29.0698,15.083,117.1,11.6951
grid,waapi,100,0,60,599,59.9966,0.999943,0,57.1429,56.8182,17.7,0.431594
grid,gsap,100,9,60,599,60.0002,1,0,57.8035,56.8117,18.2,0.341138
grid,gsap,100,6,60,599,59.9984,0.999973,0,57.1429,56.8182,17.7,0.370217
grid,raf,500,8,60,599,60.0032,1.00005,0,57.1429,56.8182,17.7,0.370005
grid,waapi,100,7,60,599,60.0008,1.00001,0,58.1395,56.8182,17.8,0.303809
grid,waapi,100,3,60,599,60.0032,1.00005,0,57.7701,56.4972,17.7,0.352365
grid,css-keyframes,2000,6,60,599,60.0008,1.00001,0,58.1058,56.8182,17.7,0.297131
parallax,scroll-driven,2000,2,60,1138,59.9509,0.999182,0,58.1395,56.9379,17.8,0.259726
parallax,scroll-driven,100,5,60,1138,59.9506,0.999176,0,57.7534,56.8182,17.7,0.326347
parallax,scroll-driven,100,6,60,1138,59.9531,0.999219,0,57.4713,56.8182,17.8,0.357408
parallax,scroll-driven,500,6,60,1138,59.9506,0.999176,0,58.8235,56.8182,17.8,0.238201
parallax,scroll-driven,100,0,60,1138,59.9525,0.999208,0,57.8035,56.8182,17.8,0.32591
parallax,scroll-driven,2000,9,60,1138,59.9528,0.999213,0,58.4795,56.8182,17.7,0.247867
parallax,scroll-driven,2000,0,60,1138,59.9506,0.999176,0,58.8235,56.8182,17.7,0.241538
parallax,scroll-driven,500,1,60,1138,59.9509,0.999182,0,55.8659,54.0541,18.7,0.605747
parallax,scroll-driven,500,9,60,1138,59.9506,0.999176,0,56.1798,54.0541,18.8,0.566395
parallax,scroll-driven,100,9,60,1138,59.9452,0.999087,0,54.6448,53.7634,18.7,0.801026
parallax,scroll-driven,2000,7,60,1138,59.9455,0.999092,0,56.1798,54.0541,18.7,0.553007
parallax,scroll-driven,100,1,60,1138,59.9506,0.999176,0,54.6448,53.7634,18.7,0.817225
parallax,scroll-driven,2000,1,60,1137,59.8979,0.998298,0.000879507,55.4939,54.0541,33.4,0.802161
parallax,scroll-driven,100,4,60,1138,59.9487,0.999145,0,54.9451,53.7634,18.7,0.770816
parallax,scroll-driven,500,3,60,1138,59.9509,0.999182,0,56.8182,54.0541,18.7,0.506179
parallax,scroll-driven,2000,4,60,1138,59.9446,0.999076,0,55.8659,53.7634,18.7,0.61772
parallax,scroll-driven,500,0,60,1138,59.9509,0.999182,0,56.4972,54.0541,18.7,0.553345
parallax,scroll-driven,2000,6,60,1138,59.9506,0.999176,0,55.5556,53.7634,18.8,0.624361
parallax,scroll-driven,100,8,60,1138,59.9512,0.999187,0,54.9451,53.7634,18.7,0.763207
parallax,scroll-driven,500,7,60,1138,59.9506,0.999176,0,56.1798,54.0541,18.7,0.546817
parallax,scroll-driven,100,3,60,1138,59.9503,0.999171,0,54.9451,53.8706,18.7,0.806835
parallax,scroll-driven,100,7,60,1138,59.9534,0.999224,0,54.9451,53.7634,18.7,0.787003
parallax,scroll-driven,2000,3,60,1137,59.8982,0.998304,0.000879507,55.5556,54.0541,34.7,0.79285
parallax,scroll-driven,500,2,60,1138,59.9503,0.999171,0,57.1429,54.3478,18.8,0.495775
parallax,scroll-driven,2000,5,60,1138,59.9509,0.999182,0,55.5556,54.0541,18.7,0.643497
parallax,scroll-driven,500,8,60,1136,59.8452,0.99742,0.000880282,55.788,53.7634,50.1,1.16805
parallax,scroll-driven,100,2,60,1138,59.9547,0.999245,0,54.6448,53.7634,18.8,0.816093
parallax,scroll-driven,2000,8,60,1138,59.9509,0.999182,0,56.1798,54.3478,18.7,0.581176
parallax,scroll-driven,500,5,60,1138,59.949,0.99915,0,56.1798,54.0541,18.7,0.568123
parallax,scroll-driven,500,4,60,1138,59.9477,0.999129,0,56.1798,54.3478,18.7,0.556861
