scene,complexity,technique,W,p,note
composite,100,css-keyframes,0.906608,0.258495,
composite,100,css-transition,0.871639,0.104457,
composite,100,gsap,0.701639,0.000922141,
composite,100,motion,0.763629,0.00523032,
composite,100,raf,0.902456,0.233081,
composite,100,waapi,0.844538,0.0499998,
composite,500,css-keyframes,0.850261,0.0585054,
composite,500,css-transition,0.572411,2.59815e-05,
composite,500,gsap,0.872137,0.105859,
composite,500,motion,0.838437,0.0422617,
composite,500,raf,0.802122,0.0153852,
composite,500,waapi,0.611943,7.67852e-05,
composite,2000,css-keyframes,0.707581,0.00108851,
composite,2000,css-transition,0.85981,0.0759159,
composite,2000,gsap,0.611822,7.65298e-05,
composite,2000,motion,0.532914,8.86358e-06,
composite,2000,raf,0.698916,0.000854677,
composite,2000,waapi,0.419814,4.22878e-07,
grid,100,css-keyframes,0.644041,0.000186104,
grid,100,css-transition,0.93617,0.511231,
grid,100,gsap,0.876389,0.118577,
grid,100,motion,0.750552,0.00362437,
grid,100,raf,0.681226,0.000522105,
grid,100,waapi,0.70356,0.000972928,
grid,500,css-keyframes,0.420956,4.35966e-07,
grid,500,css-transition,0.84078,0.0450833,
grid,500,gsap,0.818427,0.0242559,
grid,500,motion,0.541033,1.10502e-05,
grid,500,raf,0.858575,0.0734107,
grid,500,waapi,0.830687,0.0341041,
grid,2000,css-keyframes,0.490448,2.81066e-06,
grid,2000,css-transition,0.763512,0.0052132,
grid,2000,gsap,0.535375,9.47587e-06,
grid,2000,motion,0.390659,1.94549e-07,
grid,2000,raf,0.443307,7.92294e-07,
grid,2000,waapi,0.655544,0.000255888,
parallax,100,scroll-driven,0.938263,0.533852,
parallax,500,scroll-driven,0.388883,1.85582e-07,
parallax,2000,scroll-driven,0.599799,5.50009e-05,
